"X","year","species","treatment","trtrep","plot","cover","uniqueID"
1045,1983,"PLER","c",1,"block1_bottom",48.75,"c_1_block1_bottom"
1046,1983,"PLER","c",1,"block1_top",11.25,"c_1_block1_top"
1047,1983,"PLER","c",1,"block2_bottom",33.75,"c_1_block2_bottom"
1048,1983,"PLER","c",1,"block2_top",25,"c_1_block2_top"
1049,1983,"PLER","c",2,"block1_bottom",42.5,"c_2_block1_bottom"
1050,1983,"PLER","c",2,"block1_top",26.25,"c_2_block1_top"
1051,1983,"PLER","c",2,"block2_bottom",13.75,"c_2_block2_bottom"
1052,1983,"PLER","c",2,"block2_top",11.25,"c_2_block2_top"
1053,1983,"PLER","c",3,"block1_bottom",20,"c_3_block1_bottom"
1054,1983,"PLER","c",3,"block1_top",31.25,"c_3_block1_top"
1055,1983,"PLER","c",3,"block2_bottom",25,"c_3_block2_bottom"
1056,1983,"PLER","c",3,"block2_top",38.75,"c_3_block2_top"
1057,1983,"PLER","g",1,"block1_bottom",37.5,"g_1_block1_bottom"
1058,1983,"PLER","g",1,"block1_top",47.5,"g_1_block1_top"
1059,1983,"PLER","g",1,"block2_bottom",35,"g_1_block2_bottom"
1060,1983,"PLER","g",1,"block2_top",27.5,"g_1_block2_top"
1061,1983,"PLER","g",2,"block1_bottom",20,"g_2_block1_bottom"
1062,1983,"PLER","g",2,"block1_top",42.5,"g_2_block1_top"
1063,1983,"PLER","g",2,"block2_bottom",15.5,"g_2_block2_bottom"
1064,1983,"PLER","g",2,"block2_top",15,"g_2_block2_top"
1065,1983,"PLER","g",3,"block1_bottom",30,"g_3_block1_bottom"
1066,1983,"PLER","g",3,"block1_top",56.25,"g_3_block1_top"
1067,1983,"PLER","g",3,"block2_bottom",48.75,"g_3_block2_bottom"
1068,1983,"PLER","g",3,"block2_top",33.75,"g_3_block2_top"
1069,1983,"PLER","r",1,"block1_bottom",3,"r_1_block1_bottom"
1070,1983,"PLER","r",1,"block1_top",11.25,"r_1_block1_top"
1071,1983,"PLER","r",1,"block2_bottom",7.5,"r_1_block2_bottom"
1072,1983,"PLER","r",1,"block2_top",8.75,"r_1_block2_top"
1073,1983,"PLER","r",2,"block1_bottom",11.25,"r_2_block1_bottom"
1074,1983,"PLER","r",2,"block1_top",2.75,"r_2_block1_top"
1075,1983,"PLER","r",2,"block2_bottom",16.25,"r_2_block2_bottom"
1076,1983,"PLER","r",2,"block2_top",12.5,"r_2_block2_top"
1077,1983,"PLER","r",3,"block1_bottom",22.5,"r_3_block1_bottom"
1078,1983,"PLER","r",3,"block1_top",11.75,"r_3_block1_top"
1079,1983,"PLER","r",3,"block2_bottom",6.25,"r_3_block2_bottom"
1080,1983,"PLER","r",3,"block2_top",25,"r_3_block2_top"
2449,1984,"PLER","c",1,"block1_bottom",5.5,"c_1_block1_bottom"
2450,1984,"PLER","c",1,"block1_top",9.25,"c_1_block1_top"
2451,1984,"PLER","c",1,"block2_bottom",8,"c_1_block2_bottom"
2452,1984,"PLER","c",1,"block2_top",12.5,"c_1_block2_top"
2453,1984,"PLER","c",2,"block1_bottom",15,"c_2_block1_bottom"
2454,1984,"PLER","c",2,"block1_top",30,"c_2_block1_top"
2455,1984,"PLER","c",2,"block2_bottom",16.25,"c_2_block2_bottom"
2456,1984,"PLER","c",2,"block2_top",21.25,"c_2_block2_top"
2457,1984,"PLER","c",3,"block1_bottom",20,"c_3_block1_bottom"
2458,1984,"PLER","c",3,"block1_top",22.5,"c_3_block1_top"
2459,1984,"PLER","c",3,"block2_bottom",30,"c_3_block2_bottom"
2460,1984,"PLER","c",3,"block2_top",26.25,"c_3_block2_top"
2461,1984,"PLER","g",1,"block1_bottom",6.75,"g_1_block1_bottom"
2462,1984,"PLER","g",1,"block1_top",9.25,"g_1_block1_top"
2463,1984,"PLER","g",1,"block2_bottom",6.75,"g_1_block2_bottom"
2464,1984,"PLER","g",1,"block2_top",3.5,"g_1_block2_top"
2465,1984,"PLER","g",2,"block1_bottom",17.5,"g_2_block1_bottom"
2466,1984,"PLER","g",2,"block1_top",30,"g_2_block1_top"
2467,1984,"PLER","g",2,"block2_bottom",4.75,"g_2_block2_bottom"
2468,1984,"PLER","g",2,"block2_top",6.25,"g_2_block2_top"
2469,1984,"PLER","g",3,"block1_bottom",20,"g_3_block1_bottom"
2470,1984,"PLER","g",3,"block1_top",35,"g_3_block1_top"
2471,1984,"PLER","g",3,"block2_bottom",43.75,"g_3_block2_bottom"
2472,1984,"PLER","g",3,"block2_top",25,"g_3_block2_top"
2473,1984,"PLER","r",1,"block1_bottom",0.5,"r_1_block1_bottom"
2474,1984,"PLER","r",1,"block1_top",6.25,"r_1_block1_top"
2475,1984,"PLER","r",1,"block2_bottom",1.25,"r_1_block2_bottom"
2476,1984,"PLER","r",1,"block2_top",5.5,"r_1_block2_top"
2477,1984,"PLER","r",2,"block1_bottom",11.25,"r_2_block1_bottom"
2478,1984,"PLER","r",2,"block1_top",4.25,"r_2_block1_top"
2479,1984,"PLER","r",2,"block2_bottom",16.25,"r_2_block2_bottom"
2480,1984,"PLER","r",2,"block2_top",17.5,"r_2_block2_top"
2481,1984,"PLER","r",3,"block1_bottom",20,"r_3_block1_bottom"
2482,1984,"PLER","r",3,"block1_top",5,"r_3_block1_top"
2483,1984,"PLER","r",3,"block2_bottom",10,"r_3_block2_bottom"
2484,1984,"PLER","r",3,"block2_top",17.5,"r_3_block2_top"
3853,1985,"PLER","c",1,"block1_bottom",12.5,"c_1_block1_bottom"
3854,1985,"PLER","c",1,"block1_top",41.25,"c_1_block1_top"
3855,1985,"PLER","c",1,"block2_bottom",7.5,"c_1_block2_bottom"
3856,1985,"PLER","c",1,"block2_top",20,"c_1_block2_top"
3857,1985,"PLER","c",2,"block1_bottom",27.5,"c_2_block1_bottom"
3858,1985,"PLER","c",2,"block1_top",45,"c_2_block1_top"
3859,1985,"PLER","c",2,"block2_bottom",30,"c_2_block2_bottom"
3860,1985,"PLER","c",2,"block2_top",30,"c_2_block2_top"
3861,1985,"PLER","c",3,"block1_bottom",25,"c_3_block1_bottom"
3862,1985,"PLER","c",3,"block1_top",17.5,"c_3_block1_top"
3863,1985,"PLER","c",3,"block2_bottom",11.25,"c_3_block2_bottom"
3864,1985,"PLER","c",3,"block2_top",8,"c_3_block2_top"
3865,1985,"PLER","g",1,"block1_bottom",11.25,"g_1_block1_bottom"
3866,1985,"PLER","g",1,"block1_top",20,"g_1_block1_top"
3867,1985,"PLER","g",1,"block2_bottom",2.75,"g_1_block2_bottom"
3868,1985,"PLER","g",1,"block2_top",12.5,"g_1_block2_top"
3869,1985,"PLER","g",2,"block1_bottom",47.5,"g_2_block1_bottom"
3870,1985,"PLER","g",2,"block1_top",15.5,"g_2_block1_top"
3871,1985,"PLER","g",2,"block2_bottom",15,"g_2_block2_bottom"
3872,1985,"PLER","g",2,"block2_top",15,"g_2_block2_top"
3873,1985,"PLER","g",3,"block1_bottom",4.25,"g_3_block1_bottom"
3874,1985,"PLER","g",3,"block1_top",35,"g_3_block1_top"
3875,1985,"PLER","g",3,"block2_bottom",37.5,"g_3_block2_bottom"
3876,1985,"PLER","g",3,"block2_top",35,"g_3_block2_top"
3877,1985,"PLER","r",1,"block1_bottom",8,"r_1_block1_bottom"
3878,1985,"PLER","r",1,"block1_top",17.5,"r_1_block1_top"
3879,1985,"PLER","r",1,"block2_bottom",2.25,"r_1_block2_bottom"
3880,1985,"PLER","r",1,"block2_top",15,"r_1_block2_top"
3881,1985,"PLER","r",2,"block1_bottom",17.5,"r_2_block1_bottom"
3882,1985,"PLER","r",2,"block1_top",6.75,"r_2_block1_top"
3883,1985,"PLER","r",2,"block2_bottom",22.5,"r_2_block2_bottom"
3884,1985,"PLER","r",2,"block2_top",47.5,"r_2_block2_top"
3885,1985,"PLER","r",3,"block1_bottom",5.5,"r_3_block1_bottom"
3886,1985,"PLER","r",3,"block1_top",3.75,"r_3_block1_top"
3887,1985,"PLER","r",3,"block2_bottom",22.5,"r_3_block2_bottom"
3888,1985,"PLER","r",3,"block2_top",17.5,"r_3_block2_top"
5257,1986,"PLER","c",1,"block1_bottom",11.25,"c_1_block1_bottom"
5258,1986,"PLER","c",1,"block1_top",22.5,"c_1_block1_top"
5259,1986,"PLER","c",1,"block2_bottom",6,"c_1_block2_bottom"
5260,1986,"PLER","c",1,"block2_top",32.5,"c_1_block2_top"
5261,1986,"PLER","c",2,"block1_bottom",25,"c_2_block1_bottom"
5262,1986,"PLER","c",2,"block1_top",32.5,"c_2_block1_top"
5263,1986,"PLER","c",2,"block2_bottom",27.5,"c_2_block2_bottom"
5264,1986,"PLER","c",2,"block2_top",20,"c_2_block2_top"
5265,1986,"PLER","c",3,"block1_bottom",30,"c_3_block1_bottom"
5266,1986,"PLER","c",3,"block1_top",23.75,"c_3_block1_top"
5267,1986,"PLER","c",3,"block2_bottom",27.5,"c_3_block2_bottom"
5268,1986,"PLER","c",3,"block2_top",15,"c_3_block2_top"
5269,1986,"PLER","g",1,"block1_bottom",11.25,"g_1_block1_bottom"
5270,1986,"PLER","g",1,"block1_top",27.5,"g_1_block1_top"
5271,1986,"PLER","g",1,"block2_bottom",5,"g_1_block2_bottom"
5272,1986,"PLER","g",1,"block2_top",20,"g_1_block2_top"
5273,1986,"PLER","g",2,"block1_bottom",25,"g_2_block1_bottom"
5274,1986,"PLER","g",2,"block1_top",15,"g_2_block1_top"
5275,1986,"PLER","g",2,"block2_bottom",7.5,"g_2_block2_bottom"
5276,1986,"PLER","g",2,"block2_top",17.5,"g_2_block2_top"
5277,1986,"PLER","g",3,"block1_bottom",11.25,"g_3_block1_bottom"
5278,1986,"PLER","g",3,"block1_top",40,"g_3_block1_top"
5279,1986,"PLER","g",3,"block2_bottom",25,"g_3_block2_bottom"
5280,1986,"PLER","g",3,"block2_top",17.5,"g_3_block2_top"
5281,1986,"PLER","r",1,"block1_bottom",6.75,"r_1_block1_bottom"
5282,1986,"PLER","r",1,"block1_top",18.75,"r_1_block1_top"
5283,1986,"PLER","r",1,"block2_bottom",6.25,"r_1_block2_bottom"
5284,1986,"PLER","r",1,"block2_top",22.5,"r_1_block2_top"
5285,1986,"PLER","r",2,"block1_bottom",27.5,"r_2_block1_bottom"
5286,1986,"PLER","r",2,"block1_top",8,"r_2_block1_top"
5287,1986,"PLER","r",2,"block2_bottom",21.25,"r_2_block2_bottom"
5288,1986,"PLER","r",2,"block2_top",55,"r_2_block2_top"
5289,1986,"PLER","r",3,"block1_bottom",12.5,"r_3_block1_bottom"
5290,1986,"PLER","r",3,"block1_top",10,"r_3_block1_top"
5291,1986,"PLER","r",3,"block2_bottom",27.5,"r_3_block2_bottom"
5292,1986,"PLER","r",3,"block2_top",18.75,"r_3_block2_top"
6661,1987,"PLER","c",1,"block1_bottom",18.75,"c_1_block1_bottom"
6662,1987,"PLER","c",1,"block1_top",27.5,"c_1_block1_top"
6663,1987,"PLER","c",1,"block2_bottom",22.5,"c_1_block2_bottom"
6664,1987,"PLER","c",1,"block2_top",28.75,"c_1_block2_top"
6665,1987,"PLER","c",2,"block1_bottom",25,"c_2_block1_bottom"
6666,1987,"PLER","c",2,"block1_top",37.5,"c_2_block1_top"
6667,1987,"PLER","c",2,"block2_bottom",27.5,"c_2_block2_bottom"
6668,1987,"PLER","c",2,"block2_top",30,"c_2_block2_top"
6669,1987,"PLER","c",3,"block1_bottom",32.5,"c_3_block1_bottom"
6670,1987,"PLER","c",3,"block1_top",40,"c_3_block1_top"
6671,1987,"PLER","c",3,"block2_bottom",25,"c_3_block2_bottom"
6672,1987,"PLER","c",3,"block2_top",25,"c_3_block2_top"
6673,1987,"PLER","g",1,"block1_bottom",16.25,"g_1_block1_bottom"
6674,1987,"PLER","g",1,"block1_top",22.5,"g_1_block1_top"
6675,1987,"PLER","g",1,"block2_bottom",3.5,"g_1_block2_bottom"
6676,1987,"PLER","g",1,"block2_top",12.5,"g_1_block2_top"
6677,1987,"PLER","g",2,"block1_bottom",40,"g_2_block1_bottom"
6678,1987,"PLER","g",2,"block1_top",52.5,"g_2_block1_top"
6679,1987,"PLER","g",2,"block2_bottom",25,"g_2_block2_bottom"
6680,1987,"PLER","g",2,"block2_top",42.5,"g_2_block2_top"
6681,1987,"PLER","g",3,"block1_bottom",22.5,"g_3_block1_bottom"
6682,1987,"PLER","g",3,"block1_top",40,"g_3_block1_top"
6683,1987,"PLER","g",3,"block2_bottom",50,"g_3_block2_bottom"
6684,1987,"PLER","g",3,"block2_top",10,"g_3_block2_top"
6685,1987,"PLER","r",1,"block1_bottom",3.75,"r_1_block1_bottom"
6686,1987,"PLER","r",1,"block1_top",13.75,"r_1_block1_top"
6687,1987,"PLER","r",1,"block2_bottom",11.25,"r_1_block2_bottom"
6688,1987,"PLER","r",1,"block2_top",18.75,"r_1_block2_top"
6689,1987,"PLER","r",2,"block1_bottom",22.5,"r_2_block1_bottom"
6690,1987,"PLER","r",2,"block1_top",26.25,"r_2_block1_top"
6691,1987,"PLER","r",2,"block2_bottom",13.75,"r_2_block2_bottom"
6692,1987,"PLER","r",2,"block2_top",30,"r_2_block2_top"
6693,1987,"PLER","r",3,"block1_bottom",12.5,"r_3_block1_bottom"
6694,1987,"PLER","r",3,"block1_top",8.75,"r_3_block1_top"
6695,1987,"PLER","r",3,"block2_bottom",27.5,"r_3_block2_bottom"
6696,1987,"PLER","r",3,"block2_top",11.25,"r_3_block2_top"
8065,1988,"PLER","c",1,"block1_bottom",65,"c_1_block1_bottom"
8066,1988,"PLER","c",1,"block1_top",42.5,"c_1_block1_top"
8067,1988,"PLER","c",1,"block2_bottom",70,"c_1_block2_bottom"
8068,1988,"PLER","c",1,"block2_top",50,"c_1_block2_top"
8069,1988,"PLER","c",2,"block1_bottom",70,"c_2_block1_bottom"
8070,1988,"PLER","c",2,"block1_top",72.5,"c_2_block1_top"
8071,1988,"PLER","c",2,"block2_bottom",50,"c_2_block2_bottom"
8072,1988,"PLER","c",2,"block2_top",72.5,"c_2_block2_top"
8073,1988,"PLER","c",3,"block1_bottom",77.5,"c_3_block1_bottom"
8074,1988,"PLER","c",3,"block1_top",32.5,"c_3_block1_top"
8075,1988,"PLER","c",3,"block2_bottom",55,"c_3_block2_bottom"
8076,1988,"PLER","c",3,"block2_top",37.5,"c_3_block2_top"
8077,1988,"PLER","g",1,"block1_bottom",45,"g_1_block1_bottom"
8078,1988,"PLER","g",1,"block1_top",62.5,"g_1_block1_top"
8079,1988,"PLER","g",1,"block2_bottom",37.5,"g_1_block2_bottom"
8080,1988,"PLER","g",1,"block2_top",35,"g_1_block2_top"
8081,1988,"PLER","g",2,"block1_bottom",40,"g_2_block1_bottom"
8082,1988,"PLER","g",2,"block1_top",77.5,"g_2_block1_top"
8083,1988,"PLER","g",2,"block2_bottom",31.25,"g_2_block2_bottom"
8084,1988,"PLER","g",2,"block2_top",65,"g_2_block2_top"
8085,1988,"PLER","g",3,"block1_bottom",57.5,"g_3_block1_bottom"
8086,1988,"PLER","g",3,"block1_top",70,"g_3_block1_top"
8087,1988,"PLER","g",3,"block2_bottom",65,"g_3_block2_bottom"
8088,1988,"PLER","g",3,"block2_top",40,"g_3_block2_top"
8089,1988,"PLER","r",1,"block1_bottom",10,"r_1_block1_bottom"
8090,1988,"PLER","r",1,"block1_top",50,"r_1_block1_top"
8091,1988,"PLER","r",1,"block2_bottom",12.5,"r_1_block2_bottom"
8092,1988,"PLER","r",1,"block2_top",42.5,"r_1_block2_top"
8093,1988,"PLER","r",2,"block1_bottom",67.5,"r_2_block1_bottom"
8094,1988,"PLER","r",2,"block1_top",65,"r_2_block1_top"
8095,1988,"PLER","r",2,"block2_bottom",40,"r_2_block2_bottom"
8096,1988,"PLER","r",2,"block2_top",80,"r_2_block2_top"
8097,1988,"PLER","r",3,"block1_bottom",50,"r_3_block1_bottom"
8098,1988,"PLER","r",3,"block1_top",21.25,"r_3_block1_top"
8099,1988,"PLER","r",3,"block2_bottom",57.5,"r_3_block2_bottom"
8100,1988,"PLER","r",3,"block2_top",50,"r_3_block2_top"
9469,1989,"PLER","c",1,"block1_bottom",35,"c_1_block1_bottom"
9470,1989,"PLER","c",1,"block1_top",52.5,"c_1_block1_top"
9471,1989,"PLER","c",1,"block2_bottom",50,"c_1_block2_bottom"
9472,1989,"PLER","c",1,"block2_top",42.5,"c_1_block2_top"
9473,1989,"PLER","c",2,"block1_bottom",62.5,"c_2_block1_bottom"
9474,1989,"PLER","c",2,"block1_top",60,"c_2_block1_top"
9475,1989,"PLER","c",2,"block2_bottom",42.5,"c_2_block2_bottom"
9476,1989,"PLER","c",2,"block2_top",45,"c_2_block2_top"
9477,1989,"PLER","c",3,"block1_bottom",60,"c_3_block1_bottom"
9478,1989,"PLER","c",3,"block1_top",40,"c_3_block1_top"
9479,1989,"PLER","c",3,"block2_bottom",42.5,"c_3_block2_bottom"
9480,1989,"PLER","c",3,"block2_top",50,"c_3_block2_top"
9481,1989,"PLER","g",1,"block1_bottom",47.5,"g_1_block1_bottom"
9482,1989,"PLER","g",1,"block1_top",52.5,"g_1_block1_top"
9483,1989,"PLER","g",1,"block2_bottom",37.5,"g_1_block2_bottom"
9484,1989,"PLER","g",1,"block2_top",32.5,"g_1_block2_top"
9485,1989,"PLER","g",2,"block1_bottom",55,"g_2_block1_bottom"
9486,1989,"PLER","g",2,"block1_top",72.5,"g_2_block1_top"
9487,1989,"PLER","g",2,"block2_bottom",30,"g_2_block2_bottom"
9488,1989,"PLER","g",2,"block2_top",62.5,"g_2_block2_top"
9489,1989,"PLER","g",3,"block1_bottom",60,"g_3_block1_bottom"
9490,1989,"PLER","g",3,"block1_top",55,"g_3_block1_top"
9491,1989,"PLER","g",3,"block2_bottom",60,"g_3_block2_bottom"
9492,1989,"PLER","g",3,"block2_top",35,"g_3_block2_top"
9493,1989,"PLER","r",1,"block1_bottom",13.75,"r_1_block1_bottom"
9494,1989,"PLER","r",1,"block1_top",37.5,"r_1_block1_top"
9495,1989,"PLER","r",1,"block2_bottom",13.75,"r_1_block2_bottom"
9496,1989,"PLER","r",1,"block2_top",23.75,"r_1_block2_top"
9497,1989,"PLER","r",2,"block1_bottom",22.5,"r_2_block1_bottom"
9498,1989,"PLER","r",2,"block1_top",32.5,"r_2_block1_top"
9499,1989,"PLER","r",2,"block2_bottom",37.5,"r_2_block2_bottom"
9500,1989,"PLER","r",2,"block2_top",52.5,"r_2_block2_top"
9501,1989,"PLER","r",3,"block1_bottom",40,"r_3_block1_bottom"
9502,1989,"PLER","r",3,"block1_top",20,"r_3_block1_top"
9503,1989,"PLER","r",3,"block2_bottom",52.5,"r_3_block2_bottom"
9504,1989,"PLER","r",3,"block2_top",35,"r_3_block2_top"
10873,1990,"PLER","c",1,"block1_bottom",17.5,"c_1_block1_bottom"
10874,1990,"PLER","c",1,"block1_top",40,"c_1_block1_top"
10875,1990,"PLER","c",1,"block2_bottom",45,"c_1_block2_bottom"
10876,1990,"PLER","c",1,"block2_top",32.5,"c_1_block2_top"
10877,1990,"PLER","c",2,"block1_bottom",60,"c_2_block1_bottom"
10878,1990,"PLER","c",2,"block1_top",57.5,"c_2_block1_top"
10879,1990,"PLER","c",2,"block2_bottom",45,"c_2_block2_bottom"
10880,1990,"PLER","c",2,"block2_top",35,"c_2_block2_top"
10881,1990,"PLER","c",3,"block1_bottom",72.5,"c_3_block1_bottom"
10882,1990,"PLER","c",3,"block1_top",72.5,"c_3_block1_top"
10883,1990,"PLER","c",3,"block2_bottom",50,"c_3_block2_bottom"
10884,1990,"PLER","c",3,"block2_top",52.5,"c_3_block2_top"
10885,1990,"PLER","g",1,"block1_bottom",45,"g_1_block1_bottom"
10886,1990,"PLER","g",1,"block1_top",52.5,"g_1_block1_top"
10887,1990,"PLER","g",1,"block2_bottom",37.5,"g_1_block2_bottom"
10888,1990,"PLER","g",1,"block2_top",37.5,"g_1_block2_top"
10889,1990,"PLER","g",2,"block1_bottom",20,"g_2_block1_bottom"
10890,1990,"PLER","g",2,"block1_top",40,"g_2_block1_top"
10891,1990,"PLER","g",2,"block2_bottom",10,"g_2_block2_bottom"
10892,1990,"PLER","g",2,"block2_top",57.5,"g_2_block2_top"
10893,1990,"PLER","g",3,"block1_bottom",67.5,"g_3_block1_bottom"
10894,1990,"PLER","g",3,"block1_top",60,"g_3_block1_top"
10895,1990,"PLER","g",3,"block2_bottom",67.5,"g_3_block2_bottom"
10896,1990,"PLER","g",3,"block2_top",47.5,"g_3_block2_top"
10897,1990,"PLER","r",1,"block1_bottom",12.5,"r_1_block1_bottom"
10898,1990,"PLER","r",1,"block1_top",35,"r_1_block1_top"
10899,1990,"PLER","r",1,"block2_bottom",16.25,"r_1_block2_bottom"
10900,1990,"PLER","r",1,"block2_top",37.5,"r_1_block2_top"
10901,1990,"PLER","r",2,"block1_bottom",52.5,"r_2_block1_bottom"
10902,1990,"PLER","r",2,"block1_top",33.75,"r_2_block1_top"
10903,1990,"PLER","r",2,"block2_bottom",22.5,"r_2_block2_bottom"
10904,1990,"PLER","r",2,"block2_top",36.25,"r_2_block2_top"
10905,1990,"PLER","r",3,"block1_bottom",77.5,"r_3_block1_bottom"
10906,1990,"PLER","r",3,"block1_top",30,"r_3_block1_top"
10907,1990,"PLER","r",3,"block2_bottom",62.5,"r_3_block2_bottom"
10908,1990,"PLER","r",3,"block2_top",42.5,"r_3_block2_top"
12277,1991,"PLER","c",1,"block1_bottom",3.75,"c_1_block1_bottom"
12278,1991,"PLER","c",1,"block1_top",11.25,"c_1_block1_top"
12279,1991,"PLER","c",1,"block2_bottom",17.5,"c_1_block2_bottom"
12280,1991,"PLER","c",1,"block2_top",12.5,"c_1_block2_top"
12281,1991,"PLER","c",2,"block1_bottom",22.5,"c_2_block1_bottom"
12282,1991,"PLER","c",2,"block1_top",35,"c_2_block1_top"
12283,1991,"PLER","c",2,"block2_bottom",25,"c_2_block2_bottom"
12284,1991,"PLER","c",2,"block2_top",23,"c_2_block2_top"
12285,1991,"PLER","c",3,"block1_bottom",30,"c_3_block1_bottom"
12286,1991,"PLER","c",3,"block1_top",35,"c_3_block1_top"
12287,1991,"PLER","c",3,"block2_bottom",17.5,"c_3_block2_bottom"
12288,1991,"PLER","c",3,"block2_top",4.75,"c_3_block2_top"
12289,1991,"PLER","g",1,"block1_bottom",8.75,"g_1_block1_bottom"
12290,1991,"PLER","g",1,"block1_top",15,"g_1_block1_top"
12291,1991,"PLER","g",1,"block2_bottom",7.5,"g_1_block2_bottom"
12292,1991,"PLER","g",1,"block2_top",11.25,"g_1_block2_top"
12293,1991,"PLER","g",2,"block1_bottom",2,"g_2_block1_bottom"
12294,1991,"PLER","g",2,"block1_top",8.75,"g_2_block1_top"
12295,1991,"PLER","g",2,"block2_bottom",2.5,"g_2_block2_bottom"
12296,1991,"PLER","g",2,"block2_top",15.5,"g_2_block2_top"
12297,1991,"PLER","g",3,"block1_bottom",22.5,"g_3_block1_bottom"
12298,1991,"PLER","g",3,"block1_top",35,"g_3_block1_top"
12299,1991,"PLER","g",3,"block2_bottom",25,"g_3_block2_bottom"
12300,1991,"PLER","g",3,"block2_top",27.5,"g_3_block2_top"
12301,1991,"PLER","r",1,"block1_bottom",4.75,"r_1_block1_bottom"
12302,1991,"PLER","r",1,"block1_top",17.5,"r_1_block1_top"
12303,1991,"PLER","r",1,"block2_bottom",4.25,"r_1_block2_bottom"
12304,1991,"PLER","r",1,"block2_top",10,"r_1_block2_top"
12305,1991,"PLER","r",2,"block1_bottom",2,"r_2_block1_bottom"
12306,1991,"PLER","r",2,"block1_top",10.75,"r_2_block1_top"
12307,1991,"PLER","r",2,"block2_bottom",2.75,"r_2_block2_bottom"
12308,1991,"PLER","r",2,"block2_top",2.75,"r_2_block2_top"
12309,1991,"PLER","r",3,"block1_bottom",20,"r_3_block1_bottom"
12310,1991,"PLER","r",3,"block1_top",11.25,"r_3_block1_top"
12311,1991,"PLER","r",3,"block2_bottom",8,"r_3_block2_bottom"
12312,1991,"PLER","r",3,"block2_top",15.5,"r_3_block2_top"
13681,1992,"PLER","c",1,"block1_bottom",8.75,"c_1_block1_bottom"
13682,1992,"PLER","c",1,"block1_top",8.75,"c_1_block1_top"
13683,1992,"PLER","c",1,"block2_bottom",22.5,"c_1_block2_bottom"
13684,1992,"PLER","c",1,"block2_top",6.25,"c_1_block2_top"
13685,1992,"PLER","c",2,"block1_bottom",17.5,"c_2_block1_bottom"
13686,1992,"PLER","c",2,"block1_top",27.5,"c_2_block1_top"
13687,1992,"PLER","c",2,"block2_bottom",17.5,"c_2_block2_bottom"
13688,1992,"PLER","c",2,"block2_top",16.25,"c_2_block2_top"
13689,1992,"PLER","c",3,"block1_bottom",55,"c_3_block1_bottom"
13690,1992,"PLER","c",3,"block1_top",23,"c_3_block1_top"
13691,1992,"PLER","c",3,"block2_bottom",22.5,"c_3_block2_bottom"
13692,1992,"PLER","c",3,"block2_top",16.25,"c_3_block2_top"
13693,1992,"PLER","g",1,"block1_bottom",13.75,"g_1_block1_bottom"
13694,1992,"PLER","g",1,"block1_top",22.5,"g_1_block1_top"
13695,1992,"PLER","g",1,"block2_bottom",18.75,"g_1_block2_bottom"
13696,1992,"PLER","g",1,"block2_top",22.5,"g_1_block2_top"
13697,1992,"PLER","g",2,"block1_bottom",16.25,"g_2_block1_bottom"
13698,1992,"PLER","g",2,"block1_top",8.75,"g_2_block1_top"
13699,1992,"PLER","g",2,"block2_bottom",4.75,"g_2_block2_bottom"
13700,1992,"PLER","g",2,"block2_top",7.5,"g_2_block2_top"
13701,1992,"PLER","g",3,"block1_bottom",32.5,"g_3_block1_bottom"
13702,1992,"PLER","g",3,"block1_top",35,"g_3_block1_top"
13703,1992,"PLER","g",3,"block2_bottom",42.5,"g_3_block2_bottom"
13704,1992,"PLER","g",3,"block2_top",27.5,"g_3_block2_top"
13705,1992,"PLER","r",1,"block1_bottom",16.25,"r_1_block1_bottom"
13706,1992,"PLER","r",1,"block1_top",22.5,"r_1_block1_top"
13707,1992,"PLER","r",1,"block2_bottom",20,"r_1_block2_bottom"
13708,1992,"PLER","r",1,"block2_top",32.5,"r_1_block2_top"
13709,1992,"PLER","r",2,"block1_bottom",4,"r_2_block1_bottom"
13710,1992,"PLER","r",2,"block1_top",4.75,"r_2_block1_top"
13711,1992,"PLER","r",2,"block2_bottom",2.75,"r_2_block2_bottom"
13712,1992,"PLER","r",2,"block2_top",3.5,"r_2_block2_top"
13713,1992,"PLER","r",3,"block1_bottom",23.75,"r_3_block1_bottom"
13714,1992,"PLER","r",3,"block1_top",7.5,"r_3_block1_top"
13715,1992,"PLER","r",3,"block2_bottom",32.5,"r_3_block2_bottom"
13716,1992,"PLER","r",3,"block2_top",20,"r_3_block2_top"
15085,1993,"PLER","c",1,"block1_bottom",2.75,"c_1_block1_bottom"
15086,1993,"PLER","c",1,"block1_top",2,"c_1_block1_top"
15087,1993,"PLER","c",1,"block2_bottom",11,"c_1_block2_bottom"
15088,1993,"PLER","c",1,"block2_top",2,"c_1_block2_top"
15089,1993,"PLER","c",2,"block1_bottom",2,"c_2_block1_bottom"
15090,1993,"PLER","c",2,"block1_top",2,"c_2_block1_top"
15091,1993,"PLER","c",2,"block2_bottom",2,"c_2_block2_bottom"
15092,1993,"PLER","c",2,"block2_top",2,"c_2_block2_top"
15093,1993,"PLER","c",3,"block1_bottom",35,"c_3_block1_bottom"
15094,1993,"PLER","c",3,"block1_top",17.5,"c_3_block1_top"
15095,1993,"PLER","c",3,"block2_bottom",27.5,"c_3_block2_bottom"
15096,1993,"PLER","c",3,"block2_top",16.25,"c_3_block2_top"
15097,1993,"PLER","g",1,"block1_bottom",17.5,"g_1_block1_bottom"
15098,1993,"PLER","g",1,"block1_top",13.75,"g_1_block1_top"
15099,1993,"PLER","g",1,"block2_bottom",23.75,"g_1_block2_bottom"
15100,1993,"PLER","g",1,"block2_top",11.25,"g_1_block2_top"
15101,1993,"PLER","g",2,"block1_bottom",2.25,"g_2_block1_bottom"
15102,1993,"PLER","g",2,"block1_top",2,"g_2_block1_top"
15103,1993,"PLER","g",2,"block2_bottom",1.5,"g_2_block2_bottom"
15104,1993,"PLER","g",2,"block2_top",2,"g_2_block2_top"
15105,1993,"PLER","g",3,"block1_bottom",15,"g_3_block1_bottom"
15106,1993,"PLER","g",3,"block1_top",20,"g_3_block1_top"
15107,1993,"PLER","g",3,"block2_bottom",12.5,"g_3_block2_bottom"
15108,1993,"PLER","g",3,"block2_top",17.5,"g_3_block2_top"
15109,1993,"PLER","r",1,"block1_bottom",32.5,"r_1_block1_bottom"
15110,1993,"PLER","r",1,"block1_top",13,"r_1_block1_top"
15111,1993,"PLER","r",1,"block2_bottom",37.5,"r_1_block2_bottom"
15112,1993,"PLER","r",1,"block2_top",23.75,"r_1_block2_top"
15113,1993,"PLER","r",2,"block1_bottom",2,"r_2_block1_bottom"
15114,1993,"PLER","r",2,"block1_top",2,"r_2_block1_top"
15115,1993,"PLER","r",2,"block2_bottom",2,"r_2_block2_bottom"
15116,1993,"PLER","r",2,"block2_top",2,"r_2_block2_top"
15117,1993,"PLER","r",3,"block1_bottom",17.5,"r_3_block1_bottom"
15118,1993,"PLER","r",3,"block1_top",6,"r_3_block1_top"
15119,1993,"PLER","r",3,"block2_bottom",22.5,"r_3_block2_bottom"
15120,1993,"PLER","r",3,"block2_top",20,"r_3_block2_top"
16489,1994,"PLER","c",1,"block1_bottom",5.5,"c_1_block1_bottom"
16490,1994,"PLER","c",1,"block1_top",5,"c_1_block1_top"
16491,1994,"PLER","c",1,"block2_bottom",9.25,"c_1_block2_bottom"
16492,1994,"PLER","c",1,"block2_top",6.5,"c_1_block2_top"
16493,1994,"PLER","c",2,"block1_bottom",11.25,"c_2_block1_bottom"
16494,1994,"PLER","c",2,"block1_top",17.5,"c_2_block1_top"
16495,1994,"PLER","c",2,"block2_bottom",8.75,"c_2_block2_bottom"
16496,1994,"PLER","c",2,"block2_top",6.75,"c_2_block2_top"
16497,1994,"PLER","c",3,"block1_bottom",15,"c_3_block1_bottom"
16498,1994,"PLER","c",3,"block1_top",4.25,"c_3_block1_top"
16499,1994,"PLER","c",3,"block2_bottom",20,"c_3_block2_bottom"
16500,1994,"PLER","c",3,"block2_top",17.5,"c_3_block2_top"
16501,1994,"PLER","g",1,"block1_bottom",2,"g_1_block1_bottom"
16502,1994,"PLER","g",1,"block1_top",13,"g_1_block1_top"
16503,1994,"PLER","g",1,"block2_bottom",21.25,"g_1_block2_bottom"
16504,1994,"PLER","g",1,"block2_top",8,"g_1_block2_top"
16505,1994,"PLER","g",2,"block1_bottom",6.25,"g_2_block1_bottom"
16506,1994,"PLER","g",2,"block1_top",7.5,"g_2_block1_top"
16507,1994,"PLER","g",2,"block2_bottom",3,"g_2_block2_bottom"
16508,1994,"PLER","g",2,"block2_top",3.5,"g_2_block2_top"
16509,1994,"PLER","g",3,"block1_bottom",4.25,"g_3_block1_bottom"
16510,1994,"PLER","g",3,"block1_top",7.5,"g_3_block1_top"
16511,1994,"PLER","g",3,"block2_bottom",11.25,"g_3_block2_bottom"
16512,1994,"PLER","g",3,"block2_top",10.5,"g_3_block2_top"
16513,1994,"PLER","r",1,"block1_bottom",6.75,"r_1_block1_bottom"
16514,1994,"PLER","r",1,"block1_top",3.5,"r_1_block1_top"
16515,1994,"PLER","r",1,"block2_bottom",2,"r_1_block2_bottom"
16516,1994,"PLER","r",1,"block2_top",8.75,"r_1_block2_top"
16517,1994,"PLER","r",2,"block1_bottom",2.75,"r_2_block1_bottom"
16518,1994,"PLER","r",2,"block1_top",7.25,"r_2_block1_top"
16519,1994,"PLER","r",2,"block2_bottom",6.75,"r_2_block2_bottom"
16520,1994,"PLER","r",2,"block2_top",8.75,"r_2_block2_top"
16521,1994,"PLER","r",3,"block1_bottom",10,"r_3_block1_bottom"
16522,1994,"PLER","r",3,"block1_top",9.25,"r_3_block1_top"
16523,1994,"PLER","r",3,"block2_bottom",16.25,"r_3_block2_bottom"
16524,1994,"PLER","r",3,"block2_top",7.5,"r_3_block2_top"
17893,1995,"PLER","c",1,"block1_bottom",8,"c_1_block1_bottom"
17894,1995,"PLER","c",1,"block1_top",5,"c_1_block1_top"
17895,1995,"PLER","c",1,"block2_bottom",11.25,"c_1_block2_bottom"
17896,1995,"PLER","c",1,"block2_top",7.5,"c_1_block2_top"
17897,1995,"PLER","c",2,"block1_bottom",8.75,"c_2_block1_bottom"
17898,1995,"PLER","c",2,"block1_top",15,"c_2_block1_top"
17899,1995,"PLER","c",2,"block2_bottom",6.75,"c_2_block2_bottom"
17900,1995,"PLER","c",2,"block2_top",12.5,"c_2_block2_top"
17901,1995,"PLER","c",3,"block1_bottom",20,"c_3_block1_bottom"
17902,1995,"PLER","c",3,"block1_top",13.75,"c_3_block1_top"
17903,1995,"PLER","c",3,"block2_bottom",20,"c_3_block2_bottom"
17904,1995,"PLER","c",3,"block2_top",20,"c_3_block2_top"
17905,1995,"PLER","g",1,"block1_bottom",5.5,"g_1_block1_bottom"
17906,1995,"PLER","g",1,"block1_top",8.5,"g_1_block1_top"
17907,1995,"PLER","g",1,"block2_bottom",15,"g_1_block2_bottom"
17908,1995,"PLER","g",1,"block2_top",6.25,"g_1_block2_top"
17909,1995,"PLER","g",2,"block1_bottom",11.25,"g_2_block1_bottom"
17910,1995,"PLER","g",2,"block1_top",4,"g_2_block1_top"
17911,1995,"PLER","g",2,"block2_bottom",2,"g_2_block2_bottom"
17912,1995,"PLER","g",2,"block2_top",6,"g_2_block2_top"
17913,1995,"PLER","g",3,"block1_bottom",4.25,"g_3_block1_bottom"
17914,1995,"PLER","g",3,"block1_top",7.5,"g_3_block1_top"
17915,1995,"PLER","g",3,"block2_bottom",13.75,"g_3_block2_bottom"
17916,1995,"PLER","g",3,"block2_top",7.5,"g_3_block2_top"
17917,1995,"PLER","r",1,"block1_bottom",2,"r_1_block1_bottom"
17918,1995,"PLER","r",1,"block1_top",3.5,"r_1_block1_top"
17919,1995,"PLER","r",1,"block2_bottom",3.5,"r_1_block2_bottom"
17920,1995,"PLER","r",1,"block2_top",2.75,"r_1_block2_top"
17921,1995,"PLER","r",2,"block1_bottom",3.5,"r_2_block1_bottom"
17922,1995,"PLER","r",2,"block1_top",8.75,"r_2_block1_top"
17923,1995,"PLER","r",2,"block2_bottom",2,"r_2_block2_bottom"
17924,1995,"PLER","r",2,"block2_top",8.75,"r_2_block2_top"
17925,1995,"PLER","r",3,"block1_bottom",6.25,"r_3_block1_bottom"
17926,1995,"PLER","r",3,"block1_top",11.25,"r_3_block1_top"
17927,1995,"PLER","r",3,"block2_bottom",7.5,"r_3_block2_bottom"
17928,1995,"PLER","r",3,"block2_top",11.25,"r_3_block2_top"
19297,1996,"PLER","c",1,"block1_bottom",8.75,"c_1_block1_bottom"
19298,1996,"PLER","c",1,"block1_top",7.5,"c_1_block1_top"
19299,1996,"PLER","c",1,"block2_bottom",12.5,"c_1_block2_bottom"
19300,1996,"PLER","c",1,"block2_top",11.25,"c_1_block2_top"
19301,1996,"PLER","c",2,"block1_bottom",4,"c_2_block1_bottom"
19302,1996,"PLER","c",2,"block1_top",14.25,"c_2_block1_top"
19303,1996,"PLER","c",2,"block2_bottom",3.5,"c_2_block2_bottom"
19304,1996,"PLER","c",2,"block2_top",11.25,"c_2_block2_top"
19305,1996,"PLER","c",3,"block1_bottom",8,"c_3_block1_bottom"
19306,1996,"PLER","c",3,"block1_top",4,"c_3_block1_top"
19307,1996,"PLER","c",3,"block2_bottom",13.75,"c_3_block2_bottom"
19308,1996,"PLER","c",3,"block2_top",20,"c_3_block2_top"
19309,1996,"PLER","g",1,"block1_bottom",7.5,"g_1_block1_bottom"
19310,1996,"PLER","g",1,"block1_top",6.25,"g_1_block1_top"
19311,1996,"PLER","g",1,"block2_bottom",10,"g_1_block2_bottom"
19312,1996,"PLER","g",1,"block2_top",11.25,"g_1_block2_top"
19313,1996,"PLER","g",2,"block1_bottom",9.25,"g_2_block1_bottom"
19314,1996,"PLER","g",2,"block1_top",10,"g_2_block1_top"
19315,1996,"PLER","g",2,"block2_bottom",3.5,"g_2_block2_bottom"
19316,1996,"PLER","g",2,"block2_top",2.75,"g_2_block2_top"
19317,1996,"PLER","g",3,"block1_bottom",7.5,"g_3_block1_bottom"
19318,1996,"PLER","g",3,"block1_top",6.75,"g_3_block1_top"
19319,1996,"PLER","g",3,"block2_bottom",4.25,"g_3_block2_bottom"
19320,1996,"PLER","g",3,"block2_top",4.75,"g_3_block2_top"
19321,1996,"PLER","r",1,"block1_bottom",4,"r_1_block1_bottom"
19322,1996,"PLER","r",1,"block1_top",5,"r_1_block1_top"
19323,1996,"PLER","r",1,"block2_bottom",2,"r_1_block2_bottom"
19324,1996,"PLER","r",1,"block2_top",2,"r_1_block2_top"
19325,1996,"PLER","r",2,"block1_bottom",4.75,"r_2_block1_bottom"
19326,1996,"PLER","r",2,"block1_top",15,"r_2_block1_top"
19327,1996,"PLER","r",2,"block2_bottom",4.75,"r_2_block2_bottom"
19328,1996,"PLER","r",2,"block2_top",10,"r_2_block2_top"
19329,1996,"PLER","r",3,"block1_bottom",10,"r_3_block1_bottom"
19330,1996,"PLER","r",3,"block1_top",22.5,"r_3_block1_top"
19331,1996,"PLER","r",3,"block2_bottom",2,"r_3_block2_bottom"
19332,1996,"PLER","r",3,"block2_top",5,"r_3_block2_top"
20701,1997,"PLER","c",1,"block1_bottom",22.5,"c_1_block1_bottom"
20702,1997,"PLER","c",1,"block1_top",15,"c_1_block1_top"
20703,1997,"PLER","c",1,"block2_bottom",37.5,"c_1_block2_bottom"
20704,1997,"PLER","c",1,"block2_top",21.25,"c_1_block2_top"
20705,1997,"PLER","c",2,"block1_bottom",37.5,"c_2_block1_bottom"
20706,1997,"PLER","c",2,"block1_top",40,"c_2_block1_top"
20707,1997,"PLER","c",2,"block2_bottom",17.5,"c_2_block2_bottom"
20708,1997,"PLER","c",2,"block2_top",35,"c_2_block2_top"
20709,1997,"PLER","c",3,"block1_bottom",37.5,"c_3_block1_bottom"
20710,1997,"PLER","c",3,"block1_top",40,"c_3_block1_top"
20711,1997,"PLER","c",3,"block2_bottom",21.25,"c_3_block2_bottom"
20712,1997,"PLER","c",3,"block2_top",22.5,"c_3_block2_top"
20713,1997,"PLER","g",1,"block1_bottom",32.5,"g_1_block1_bottom"
20714,1997,"PLER","g",1,"block1_top",32.5,"g_1_block1_top"
20715,1997,"PLER","g",1,"block2_bottom",25,"g_1_block2_bottom"
20716,1997,"PLER","g",1,"block2_top",35,"g_1_block2_top"
20717,1997,"PLER","g",2,"block1_bottom",15,"g_2_block1_bottom"
20718,1997,"PLER","g",2,"block1_top",22.5,"g_2_block1_top"
20719,1997,"PLER","g",2,"block2_bottom",32.5,"g_2_block2_bottom"
20720,1997,"PLER","g",2,"block2_top",16.25,"g_2_block2_top"
20721,1997,"PLER","g",3,"block1_bottom",18.75,"g_3_block1_bottom"
20722,1997,"PLER","g",3,"block1_top",8,"g_3_block1_top"
20723,1997,"PLER","g",3,"block2_bottom",15,"g_3_block2_bottom"
20724,1997,"PLER","g",3,"block2_top",11,"g_3_block2_top"
20725,1997,"PLER","r",1,"block1_bottom",22.5,"r_1_block1_bottom"
20726,1997,"PLER","r",1,"block1_top",12.5,"r_1_block1_top"
20727,1997,"PLER","r",1,"block2_bottom",25,"r_1_block2_bottom"
20728,1997,"PLER","r",1,"block2_top",3.5,"r_1_block2_top"
20729,1997,"PLER","r",2,"block1_bottom",10,"r_2_block1_bottom"
20730,1997,"PLER","r",2,"block1_top",35,"r_2_block1_top"
20731,1997,"PLER","r",2,"block2_bottom",13.75,"r_2_block2_bottom"
20732,1997,"PLER","r",2,"block2_top",15,"r_2_block2_top"
20733,1997,"PLER","r",3,"block1_bottom",35,"r_3_block1_bottom"
20734,1997,"PLER","r",3,"block1_top",6.75,"r_3_block1_top"
20735,1997,"PLER","r",3,"block2_bottom",9.25,"r_3_block2_bottom"
20736,1997,"PLER","r",3,"block2_top",17.5,"r_3_block2_top"
22105,1998,"PLER","c",1,"block1_bottom",32.5,"c_1_block1_bottom"
22106,1998,"PLER","c",1,"block1_top",15,"c_1_block1_top"
22107,1998,"PLER","c",1,"block2_bottom",57.5,"c_1_block2_bottom"
22108,1998,"PLER","c",1,"block2_top",32.5,"c_1_block2_top"
22109,1998,"PLER","c",2,"block1_bottom",57.5,"c_2_block1_bottom"
22110,1998,"PLER","c",2,"block1_top",50,"c_2_block1_top"
22111,1998,"PLER","c",2,"block2_bottom",40,"c_2_block2_bottom"
22112,1998,"PLER","c",2,"block2_top",32.5,"c_2_block2_top"
22113,1998,"PLER","c",3,"block1_bottom",47.5,"c_3_block1_bottom"
22114,1998,"PLER","c",3,"block1_top",40,"c_3_block1_top"
22115,1998,"PLER","c",3,"block2_bottom",17.5,"c_3_block2_bottom"
22116,1998,"PLER","c",3,"block2_top",40,"c_3_block2_top"
22117,1998,"PLER","g",1,"block1_bottom",37.5,"g_1_block1_bottom"
22118,1998,"PLER","g",1,"block1_top",40,"g_1_block1_top"
22119,1998,"PLER","g",1,"block2_bottom",27.5,"g_1_block2_bottom"
22120,1998,"PLER","g",1,"block2_top",35,"g_1_block2_top"
22121,1998,"PLER","g",2,"block1_bottom",20,"g_2_block1_bottom"
22122,1998,"PLER","g",2,"block1_top",40,"g_2_block1_top"
22123,1998,"PLER","g",2,"block2_bottom",42.5,"g_2_block2_bottom"
22124,1998,"PLER","g",2,"block2_top",30,"g_2_block2_top"
22125,1998,"PLER","g",3,"block1_bottom",42.5,"g_3_block1_bottom"
22126,1998,"PLER","g",3,"block1_top",20,"g_3_block1_top"
22127,1998,"PLER","g",3,"block2_bottom",32.5,"g_3_block2_bottom"
22128,1998,"PLER","g",3,"block2_top",25,"g_3_block2_top"
22129,1998,"PLER","r",1,"block1_bottom",30,"r_1_block1_bottom"
22130,1998,"PLER","r",1,"block1_top",10,"r_1_block1_top"
22131,1998,"PLER","r",1,"block2_bottom",30,"r_1_block2_bottom"
22132,1998,"PLER","r",1,"block2_top",8.75,"r_1_block2_top"
22133,1998,"PLER","r",2,"block1_bottom",30,"r_2_block1_bottom"
22134,1998,"PLER","r",2,"block1_top",35,"r_2_block1_top"
22135,1998,"PLER","r",2,"block2_bottom",30,"r_2_block2_bottom"
22136,1998,"PLER","r",2,"block2_top",27.5,"r_2_block2_top"
22137,1998,"PLER","r",3,"block1_bottom",35,"r_3_block1_bottom"
22138,1998,"PLER","r",3,"block1_top",40,"r_3_block1_top"
22139,1998,"PLER","r",3,"block2_bottom",13.75,"r_3_block2_bottom"
22140,1998,"PLER","r",3,"block2_top",35,"r_3_block2_top"
23509,1999,"PLER","c",1,"block1_bottom",6.75,"c_1_block1_bottom"
23510,1999,"PLER","c",1,"block1_top",6,"c_1_block1_top"
23511,1999,"PLER","c",1,"block2_bottom",8.75,"c_1_block2_bottom"
23512,1999,"PLER","c",1,"block2_top",12.5,"c_1_block2_top"
23513,1999,"PLER","c",2,"block1_bottom",40,"c_2_block1_bottom"
23514,1999,"PLER","c",2,"block1_top",37.5,"c_2_block1_top"
23515,1999,"PLER","c",2,"block2_bottom",30,"c_2_block2_bottom"
23516,1999,"PLER","c",2,"block2_top",12.5,"c_2_block2_top"
23517,1999,"PLER","c",3,"block1_bottom",35,"c_3_block1_bottom"
23518,1999,"PLER","c",3,"block1_top",40,"c_3_block1_top"
23519,1999,"PLER","c",3,"block2_bottom",17.5,"c_3_block2_bottom"
23520,1999,"PLER","c",3,"block2_top",32.5,"c_3_block2_top"
23521,1999,"PLER","g",1,"block1_bottom",20,"g_1_block1_bottom"
23522,1999,"PLER","g",1,"block1_top",17.5,"g_1_block1_top"
23523,1999,"PLER","g",1,"block2_bottom",22.5,"g_1_block2_bottom"
23524,1999,"PLER","g",1,"block2_top",21.25,"g_1_block2_top"
23525,1999,"PLER","g",2,"block1_bottom",7.25,"g_2_block1_bottom"
23526,1999,"PLER","g",2,"block1_top",27.5,"g_2_block1_top"
23527,1999,"PLER","g",2,"block2_bottom",37.5,"g_2_block2_bottom"
23528,1999,"PLER","g",2,"block2_top",32.5,"g_2_block2_top"
23529,1999,"PLER","g",3,"block1_bottom",30,"g_3_block1_bottom"
23530,1999,"PLER","g",3,"block1_top",17.5,"g_3_block1_top"
23531,1999,"PLER","g",3,"block2_bottom",27.5,"g_3_block2_bottom"
23532,1999,"PLER","g",3,"block2_top",15,"g_3_block2_top"
23533,1999,"PLER","r",1,"block1_bottom",37.5,"r_1_block1_bottom"
23534,1999,"PLER","r",1,"block1_top",15,"r_1_block1_top"
23535,1999,"PLER","r",1,"block2_bottom",20,"r_1_block2_bottom"
23536,1999,"PLER","r",1,"block2_top",25,"r_1_block2_top"
23537,1999,"PLER","r",2,"block1_bottom",27.5,"r_2_block1_bottom"
23538,1999,"PLER","r",2,"block1_top",27.5,"r_2_block1_top"
23539,1999,"PLER","r",2,"block2_bottom",27.5,"r_2_block2_bottom"
23540,1999,"PLER","r",2,"block2_top",15,"r_2_block2_top"
23541,1999,"PLER","r",3,"block1_bottom",20,"r_3_block1_bottom"
23542,1999,"PLER","r",3,"block1_top",35,"r_3_block1_top"
23543,1999,"PLER","r",3,"block2_bottom",10,"r_3_block2_bottom"
23544,1999,"PLER","r",3,"block2_top",12.5,"r_3_block2_top"
24913,2000,"PLER","c",1,"block1_bottom",25,"c_1_block1_bottom"
24914,2000,"PLER","c",1,"block1_top",11.25,"c_1_block1_top"
24915,2000,"PLER","c",1,"block2_bottom",50,"c_1_block2_bottom"
24916,2000,"PLER","c",1,"block2_top",20,"c_1_block2_top"
24917,2000,"PLER","c",2,"block1_bottom",62.5,"c_2_block1_bottom"
24918,2000,"PLER","c",2,"block1_top",40,"c_2_block1_top"
24919,2000,"PLER","c",2,"block2_bottom",55,"c_2_block2_bottom"
24920,2000,"PLER","c",2,"block2_top",30,"c_2_block2_top"
24921,2000,"PLER","c",3,"block1_bottom",35,"c_3_block1_bottom"
24922,2000,"PLER","c",3,"block1_top",37.5,"c_3_block1_top"
24923,2000,"PLER","c",3,"block2_bottom",5.5,"c_3_block2_bottom"
24924,2000,"PLER","c",3,"block2_top",35,"c_3_block2_top"
24925,2000,"PLER","g",1,"block1_bottom",35,"g_1_block1_bottom"
24926,2000,"PLER","g",1,"block1_top",32.5,"g_1_block1_top"
24927,2000,"PLER","g",1,"block2_bottom",35,"g_1_block2_bottom"
24928,2000,"PLER","g",1,"block2_top",30,"g_1_block2_top"
24929,2000,"PLER","g",2,"block1_bottom",17.5,"g_2_block1_bottom"
24930,2000,"PLER","g",2,"block1_top",45,"g_2_block1_top"
24931,2000,"PLER","g",2,"block2_bottom",55,"g_2_block2_bottom"
24932,2000,"PLER","g",2,"block2_top",42.5,"g_2_block2_top"
24933,2000,"PLER","g",3,"block1_bottom",35,"g_3_block1_bottom"
24934,2000,"PLER","g",3,"block1_top",22.5,"g_3_block1_top"
24935,2000,"PLER","g",3,"block2_bottom",22.5,"g_3_block2_bottom"
24936,2000,"PLER","g",3,"block2_top",32.5,"g_3_block2_top"
24937,2000,"PLER","r",1,"block1_bottom",50,"r_1_block1_bottom"
24938,2000,"PLER","r",1,"block1_top",27.5,"r_1_block1_top"
24939,2000,"PLER","r",1,"block2_bottom",30,"r_1_block2_bottom"
24940,2000,"PLER","r",1,"block2_top",17.5,"r_1_block2_top"
24941,2000,"PLER","r",2,"block1_bottom",45,"r_2_block1_bottom"
24942,2000,"PLER","r",2,"block1_top",40,"r_2_block1_top"
24943,2000,"PLER","r",2,"block2_bottom",35,"r_2_block2_bottom"
24944,2000,"PLER","r",2,"block2_top",32.5,"r_2_block2_top"
24945,2000,"PLER","r",3,"block1_bottom",42.5,"r_3_block1_bottom"
24946,2000,"PLER","r",3,"block1_top",20,"r_3_block1_top"
24947,2000,"PLER","r",3,"block2_bottom",22.5,"r_3_block2_bottom"
24948,2000,"PLER","r",3,"block2_top",37.5,"r_3_block2_top"
26317,2001,"PLER","c",1,"block1_bottom",35,"c_1_block1_bottom"
26318,2001,"PLER","c",1,"block1_top",25,"c_1_block1_top"
26319,2001,"PLER","c",1,"block2_bottom",47.5,"c_1_block2_bottom"
26320,2001,"PLER","c",1,"block2_top",27.5,"c_1_block2_top"
26321,2001,"PLER","c",2,"block1_bottom",52.5,"c_2_block1_bottom"
26322,2001,"PLER","c",2,"block1_top",35,"c_2_block1_top"
26323,2001,"PLER","c",2,"block2_bottom",37.5,"c_2_block2_bottom"
26324,2001,"PLER","c",2,"block2_top",32.5,"c_2_block2_top"
26325,2001,"PLER","c",3,"block1_bottom",32.5,"c_3_block1_bottom"
26326,2001,"PLER","c",3,"block1_top",35,"c_3_block1_top"
26327,2001,"PLER","c",3,"block2_bottom",13.75,"c_3_block2_bottom"
26328,2001,"PLER","c",3,"block2_top",27.5,"c_3_block2_top"
26329,2001,"PLER","g",1,"block1_bottom",30,"g_1_block1_bottom"
26330,2001,"PLER","g",1,"block1_top",27.5,"g_1_block1_top"
26331,2001,"PLER","g",1,"block2_bottom",32.5,"g_1_block2_bottom"
26332,2001,"PLER","g",1,"block2_top",30,"g_1_block2_top"
26333,2001,"PLER","g",2,"block1_bottom",40,"g_2_block1_bottom"
26334,2001,"PLER","g",2,"block1_top",50,"g_2_block1_top"
26335,2001,"PLER","g",2,"block2_bottom",40,"g_2_block2_bottom"
26336,2001,"PLER","g",2,"block2_top",30,"g_2_block2_top"
26337,2001,"PLER","g",3,"block1_bottom",20,"g_3_block1_bottom"
26338,2001,"PLER","g",3,"block1_top",10,"g_3_block1_top"
26339,2001,"PLER","g",3,"block2_bottom",17.5,"g_3_block2_bottom"
26340,2001,"PLER","g",3,"block2_top",22.5,"g_3_block2_top"
26341,2001,"PLER","r",1,"block1_bottom",52.5,"r_1_block1_bottom"
26342,2001,"PLER","r",1,"block1_top",30,"r_1_block1_top"
26343,2001,"PLER","r",1,"block2_bottom",40,"r_1_block2_bottom"
26344,2001,"PLER","r",1,"block2_top",52.5,"r_1_block2_top"
26345,2001,"PLER","r",2,"block1_bottom",35,"r_2_block1_bottom"
26346,2001,"PLER","r",2,"block1_top",42.5,"r_2_block1_top"
26347,2001,"PLER","r",2,"block2_bottom",37.5,"r_2_block2_bottom"
26348,2001,"PLER","r",2,"block2_top",35,"r_2_block2_top"
26349,2001,"PLER","r",3,"block1_bottom",40,"r_3_block1_bottom"
26350,2001,"PLER","r",3,"block1_top",27.5,"r_3_block1_top"
26351,2001,"PLER","r",3,"block2_bottom",35,"r_3_block2_bottom"
26352,2001,"PLER","r",3,"block2_top",6.25,"r_3_block2_top"
27721,2002,"PLER","c",1,"block1_bottom",17.5,"c_1_block1_bottom"
27722,2002,"PLER","c",1,"block1_top",27.5,"c_1_block1_top"
27723,2002,"PLER","c",1,"block2_bottom",25,"c_1_block2_bottom"
27724,2002,"PLER","c",1,"block2_top",25,"c_1_block2_top"
27725,2002,"PLER","c",2,"block1_bottom",27.5,"c_2_block1_bottom"
27726,2002,"PLER","c",2,"block1_top",27.5,"c_2_block1_top"
27727,2002,"PLER","c",2,"block2_bottom",30,"c_2_block2_bottom"
27728,2002,"PLER","c",2,"block2_top",25,"c_2_block2_top"
27729,2002,"PLER","c",3,"block1_bottom",25,"c_3_block1_bottom"
27730,2002,"PLER","c",3,"block1_top",37.5,"c_3_block1_top"
27731,2002,"PLER","c",3,"block2_bottom",22.5,"c_3_block2_bottom"
27732,2002,"PLER","c",3,"block2_top",32.5,"c_3_block2_top"
27733,2002,"PLER","g",1,"block1_bottom",10,"g_1_block1_bottom"
27734,2002,"PLER","g",1,"block1_top",17.5,"g_1_block1_top"
27735,2002,"PLER","g",1,"block2_bottom",20,"g_1_block2_bottom"
27736,2002,"PLER","g",1,"block2_top",20,"g_1_block2_top"
27737,2002,"PLER","g",2,"block1_bottom",15,"g_2_block1_bottom"
27738,2002,"PLER","g",2,"block1_top",17.5,"g_2_block1_top"
27739,2002,"PLER","g",2,"block2_bottom",15,"g_2_block2_bottom"
27740,2002,"PLER","g",2,"block2_top",25,"g_2_block2_top"
27741,2002,"PLER","g",3,"block1_bottom",17.5,"g_3_block1_bottom"
27742,2002,"PLER","g",3,"block1_top",13.75,"g_3_block1_top"
27743,2002,"PLER","g",3,"block2_bottom",17.5,"g_3_block2_bottom"
27744,2002,"PLER","g",3,"block2_top",15,"g_3_block2_top"
27745,2002,"PLER","r",1,"block1_bottom",32.5,"r_1_block1_bottom"
27746,2002,"PLER","r",1,"block1_top",42.5,"r_1_block1_top"
27747,2002,"PLER","r",1,"block2_bottom",20,"r_1_block2_bottom"
27748,2002,"PLER","r",1,"block2_top",57.5,"r_1_block2_top"
27749,2002,"PLER","r",2,"block1_bottom",42.5,"r_2_block1_bottom"
27750,2002,"PLER","r",2,"block1_top",30,"r_2_block1_top"
27751,2002,"PLER","r",2,"block2_bottom",42.5,"r_2_block2_bottom"
27752,2002,"PLER","r",2,"block2_top",25,"r_2_block2_top"
27753,2002,"PLER","r",3,"block1_bottom",22.5,"r_3_block1_bottom"
27754,2002,"PLER","r",3,"block1_top",17.5,"r_3_block1_top"
27755,2002,"PLER","r",3,"block2_bottom",45,"r_3_block2_bottom"
27756,2002,"PLER","r",3,"block2_top",11.25,"r_3_block2_top"
29125,2003,"PLER","c",1,"block1_bottom",16.25,"c_1_block1_bottom"
29126,2003,"PLER","c",1,"block1_top",13,"c_1_block1_top"
29127,2003,"PLER","c",1,"block2_bottom",10,"c_1_block2_bottom"
29128,2003,"PLER","c",1,"block2_top",13.75,"c_1_block2_top"
29129,2003,"PLER","c",2,"block1_bottom",12.5,"c_2_block1_bottom"
29130,2003,"PLER","c",2,"block1_top",25,"c_2_block1_top"
29131,2003,"PLER","c",2,"block2_bottom",15,"c_2_block2_bottom"
29132,2003,"PLER","c",2,"block2_top",22.5,"c_2_block2_top"
29133,2003,"PLER","c",3,"block1_bottom",15,"c_3_block1_bottom"
29134,2003,"PLER","c",3,"block1_top",35,"c_3_block1_top"
29135,2003,"PLER","c",3,"block2_bottom",16.25,"c_3_block2_bottom"
29136,2003,"PLER","c",3,"block2_top",25,"c_3_block2_top"
29137,2003,"PLER","g",1,"block1_bottom",13.75,"g_1_block1_bottom"
29138,2003,"PLER","g",1,"block1_top",12.5,"g_1_block1_top"
29139,2003,"PLER","g",1,"block2_bottom",27.5,"g_1_block2_bottom"
29140,2003,"PLER","g",1,"block2_top",20,"g_1_block2_top"
29141,2003,"PLER","g",2,"block1_bottom",45,"g_2_block1_bottom"
29142,2003,"PLER","g",2,"block1_top",18.75,"g_2_block1_top"
29143,2003,"PLER","g",2,"block2_bottom",30,"g_2_block2_bottom"
29144,2003,"PLER","g",2,"block2_top",30,"g_2_block2_top"
29145,2003,"PLER","g",3,"block1_bottom",17.5,"g_3_block1_bottom"
29146,2003,"PLER","g",3,"block1_top",10,"g_3_block1_top"
29147,2003,"PLER","g",3,"block2_bottom",17.5,"g_3_block2_bottom"
29148,2003,"PLER","g",3,"block2_top",7.5,"g_3_block2_top"
29149,2003,"PLER","r",1,"block1_bottom",45,"r_1_block1_bottom"
29150,2003,"PLER","r",1,"block1_top",42.5,"r_1_block1_top"
29151,2003,"PLER","r",1,"block2_bottom",30,"r_1_block2_bottom"
29152,2003,"PLER","r",1,"block2_top",37.5,"r_1_block2_top"
29153,2003,"PLER","r",2,"block1_bottom",27.5,"r_2_block1_bottom"
29154,2003,"PLER","r",2,"block1_top",40,"r_2_block1_top"
29155,2003,"PLER","r",2,"block2_bottom",27.5,"r_2_block2_bottom"
29156,2003,"PLER","r",2,"block2_top",25,"r_2_block2_top"
29157,2003,"PLER","r",3,"block1_bottom",13.75,"r_3_block1_bottom"
29158,2003,"PLER","r",3,"block1_top",10,"r_3_block1_top"
29159,2003,"PLER","r",3,"block2_bottom",35,"r_3_block2_bottom"
29160,2003,"PLER","r",3,"block2_top",15,"r_3_block2_top"
30529,2004,"PLER","c",1,"block1_bottom",8,"c_1_block1_bottom"
30530,2004,"PLER","c",1,"block1_top",4.25,"c_1_block1_top"
30531,2004,"PLER","c",1,"block2_bottom",5.5,"c_1_block2_bottom"
30532,2004,"PLER","c",1,"block2_top",4.25,"c_1_block2_top"
30533,2004,"PLER","c",2,"block1_bottom",4,"c_2_block1_bottom"
30534,2004,"PLER","c",2,"block1_top",4.75,"c_2_block1_top"
30535,2004,"PLER","c",2,"block2_bottom",12.5,"c_2_block2_bottom"
30536,2004,"PLER","c",2,"block2_top",15,"c_2_block2_top"
30537,2004,"PLER","c",3,"block1_bottom",8,"c_3_block1_bottom"
30538,2004,"PLER","c",3,"block1_top",25,"c_3_block1_top"
30539,2004,"PLER","c",3,"block2_bottom",15,"c_3_block2_bottom"
30540,2004,"PLER","c",3,"block2_top",8.75,"c_3_block2_top"
30541,2004,"PLER","g",1,"block1_bottom",27.5,"g_1_block1_bottom"
30542,2004,"PLER","g",1,"block1_top",22.5,"g_1_block1_top"
30543,2004,"PLER","g",1,"block2_bottom",25,"g_1_block2_bottom"
30544,2004,"PLER","g",1,"block2_top",16.25,"g_1_block2_top"
30545,2004,"PLER","g",2,"block1_bottom",35,"g_2_block1_bottom"
30546,2004,"PLER","g",2,"block1_top",11.25,"g_2_block1_top"
30547,2004,"PLER","g",2,"block2_bottom",30,"g_2_block2_bottom"
30548,2004,"PLER","g",2,"block2_top",30,"g_2_block2_top"
30549,2004,"PLER","g",3,"block1_bottom",10,"g_3_block1_bottom"
30550,2004,"PLER","g",3,"block1_top",7.5,"g_3_block1_top"
30551,2004,"PLER","g",3,"block2_bottom",16.25,"g_3_block2_bottom"
30552,2004,"PLER","g",3,"block2_top",5.5,"g_3_block2_top"
30553,2004,"PLER","r",1,"block1_bottom",11,"r_1_block1_bottom"
30554,2004,"PLER","r",1,"block1_top",8.5,"r_1_block1_top"
30555,2004,"PLER","r",1,"block2_bottom",13.75,"r_1_block2_bottom"
30556,2004,"PLER","r",1,"block2_top",10.5,"r_1_block2_top"
30557,2004,"PLER","r",2,"block1_bottom",12.5,"r_2_block1_bottom"
30558,2004,"PLER","r",2,"block1_top",27.5,"r_2_block1_top"
30559,2004,"PLER","r",2,"block2_bottom",7.5,"r_2_block2_bottom"
30560,2004,"PLER","r",2,"block2_top",13.75,"r_2_block2_top"
30561,2004,"PLER","r",3,"block1_bottom",8.75,"r_3_block1_bottom"
30562,2004,"PLER","r",3,"block1_top",4.25,"r_3_block1_top"
30563,2004,"PLER","r",3,"block2_bottom",31.25,"r_3_block2_bottom"
30564,2004,"PLER","r",3,"block2_top",32.5,"r_3_block2_top"
31933,2005,"PLER","c",1,"block1_bottom",9.25,"c_1_block1_bottom"
31934,2005,"PLER","c",1,"block1_top",2,"c_1_block1_top"
31935,2005,"PLER","c",1,"block2_bottom",13.75,"c_1_block2_bottom"
31936,2005,"PLER","c",1,"block2_top",6.75,"c_1_block2_top"
31937,2005,"PLER","c",2,"block1_bottom",7.25,"c_2_block1_bottom"
31938,2005,"PLER","c",2,"block1_top",6,"c_2_block1_top"
31939,2005,"PLER","c",2,"block2_bottom",12.5,"c_2_block2_bottom"
31940,2005,"PLER","c",2,"block2_top",15,"c_2_block2_top"
31941,2005,"PLER","c",3,"block1_bottom",11.25,"c_3_block1_bottom"
31942,2005,"PLER","c",3,"block1_top",7.5,"c_3_block1_top"
31943,2005,"PLER","c",3,"block2_bottom",11.25,"c_3_block2_bottom"
31944,2005,"PLER","c",3,"block2_top",4,"c_3_block2_top"
31945,2005,"PLER","g",1,"block1_bottom",19.25,"g_1_block1_bottom"
31946,2005,"PLER","g",1,"block1_top",6.75,"g_1_block1_top"
31947,2005,"PLER","g",1,"block2_bottom",6.25,"g_1_block2_bottom"
31948,2005,"PLER","g",1,"block2_top",6.75,"g_1_block2_top"
31949,2005,"PLER","g",2,"block1_bottom",15,"g_2_block1_bottom"
31950,2005,"PLER","g",2,"block1_top",8.75,"g_2_block1_top"
31951,2005,"PLER","g",2,"block2_bottom",17.5,"g_2_block2_bottom"
31952,2005,"PLER","g",2,"block2_top",25,"g_2_block2_top"
31953,2005,"PLER","g",3,"block1_bottom",6.25,"g_3_block1_bottom"
31954,2005,"PLER","g",3,"block1_top",11.25,"g_3_block1_top"
31955,2005,"PLER","g",3,"block2_bottom",8.75,"g_3_block2_bottom"
31956,2005,"PLER","g",3,"block2_top",5.5,"g_3_block2_top"
31957,2005,"PLER","r",1,"block1_bottom",1.5,"r_1_block1_bottom"
31958,2005,"PLER","r",1,"block1_top",3,"r_1_block1_top"
31959,2005,"PLER","r",1,"block2_bottom",8,"r_1_block2_bottom"
31960,2005,"PLER","r",1,"block2_top",2,"r_1_block2_top"
31961,2005,"PLER","r",2,"block1_bottom",13,"r_2_block1_bottom"
31962,2005,"PLER","r",2,"block1_top",12.5,"r_2_block1_top"
31963,2005,"PLER","r",2,"block2_bottom",8.75,"r_2_block2_bottom"
31964,2005,"PLER","r",2,"block2_top",5,"r_2_block2_top"
31965,2005,"PLER","r",3,"block1_bottom",2.75,"r_3_block1_bottom"
31966,2005,"PLER","r",3,"block1_top",1.5,"r_3_block1_top"
31967,2005,"PLER","r",3,"block2_bottom",20,"r_3_block2_bottom"
31968,2005,"PLER","r",3,"block2_top",10,"r_3_block2_top"
33337,2006,"PLER","c",1,"block1_bottom",1.5,"c_1_block1_bottom"
33338,2006,"PLER","c",1,"block1_top",1.5,"c_1_block1_top"
33339,2006,"PLER","c",1,"block2_bottom",3.5,"c_1_block2_bottom"
33340,2006,"PLER","c",1,"block2_top",4.75,"c_1_block2_top"
33341,2006,"PLER","c",2,"block1_bottom",1.5,"c_2_block1_bottom"
33342,2006,"PLER","c",2,"block1_top",1,"c_2_block1_top"
33343,2006,"PLER","c",2,"block2_bottom",5.5,"c_2_block2_bottom"
33344,2006,"PLER","c",2,"block2_top",10,"c_2_block2_top"
33345,2006,"PLER","c",3,"block1_bottom",20,"c_3_block1_bottom"
33346,2006,"PLER","c",3,"block1_top",6.25,"c_3_block1_top"
33347,2006,"PLER","c",3,"block2_bottom",15,"c_3_block2_bottom"
33348,2006,"PLER","c",3,"block2_top",3.5,"c_3_block2_top"
33349,2006,"PLER","g",1,"block1_bottom",17.5,"g_1_block1_bottom"
33350,2006,"PLER","g",1,"block1_top",12.5,"g_1_block1_top"
33351,2006,"PLER","g",1,"block2_bottom",2,"g_1_block2_bottom"
33352,2006,"PLER","g",1,"block2_top",7.5,"g_1_block2_top"
33353,2006,"PLER","g",2,"block1_bottom",6.75,"g_2_block1_bottom"
33354,2006,"PLER","g",2,"block1_top",3.5,"g_2_block1_top"
33355,2006,"PLER","g",2,"block2_bottom",4.75,"g_2_block2_bottom"
33356,2006,"PLER","g",2,"block2_top",5,"g_2_block2_top"
33357,2006,"PLER","g",3,"block1_bottom",4.75,"g_3_block1_bottom"
33358,2006,"PLER","g",3,"block1_top",8.75,"g_3_block1_top"
33359,2006,"PLER","g",3,"block2_bottom",9.75,"g_3_block2_bottom"
33360,2006,"PLER","g",3,"block2_top",3,"g_3_block2_top"
33361,2006,"PLER","r",1,"block1_bottom",5.5,"r_1_block1_bottom"
33362,2006,"PLER","r",1,"block1_top",3.5,"r_1_block1_top"
33363,2006,"PLER","r",1,"block2_bottom",4.75,"r_1_block2_bottom"
33364,2006,"PLER","r",1,"block2_top",4,"r_1_block2_top"
33365,2006,"PLER","r",2,"block1_bottom",0.5,"r_2_block1_bottom"
33366,2006,"PLER","r",2,"block1_top",7.5,"r_2_block1_top"
33367,2006,"PLER","r",2,"block2_bottom",0,"r_2_block2_bottom"
33368,2006,"PLER","r",2,"block2_top",1.25,"r_2_block2_top"
33369,2006,"PLER","r",3,"block1_bottom",0,"r_3_block1_bottom"
33370,2006,"PLER","r",3,"block1_top",4,"r_3_block1_top"
33371,2006,"PLER","r",3,"block2_bottom",6.75,"r_3_block2_bottom"
33372,2006,"PLER","r",3,"block2_top",10,"r_3_block2_top"
34741,2007,"PLER","c",1,"block1_bottom",1.5,"c_1_block1_bottom"
34742,2007,"PLER","c",1,"block1_top",4.25,"c_1_block1_top"
34743,2007,"PLER","c",1,"block2_bottom",2,"c_1_block2_bottom"
34744,2007,"PLER","c",1,"block2_top",4.75,"c_1_block2_top"
34745,2007,"PLER","c",2,"block1_bottom",2,"c_2_block1_bottom"
34746,2007,"PLER","c",2,"block1_top",2.25,"c_2_block1_top"
34747,2007,"PLER","c",2,"block2_bottom",10.5,"c_2_block2_bottom"
34748,2007,"PLER","c",2,"block2_top",25,"c_2_block2_top"
34749,2007,"PLER","c",3,"block1_bottom",11.25,"c_3_block1_bottom"
34750,2007,"PLER","c",3,"block1_top",13.75,"c_3_block1_top"
34751,2007,"PLER","c",3,"block2_bottom",11.25,"c_3_block2_bottom"
34752,2007,"PLER","c",3,"block2_top",5.5,"c_3_block2_top"
34753,2007,"PLER","g",1,"block1_bottom",17.5,"g_1_block1_bottom"
34754,2007,"PLER","g",1,"block1_top",12.5,"g_1_block1_top"
34755,2007,"PLER","g",1,"block2_bottom",2.25,"g_1_block2_bottom"
34756,2007,"PLER","g",1,"block2_top",17.5,"g_1_block2_top"
34757,2007,"PLER","g",2,"block1_bottom",2,"g_2_block1_bottom"
34758,2007,"PLER","g",2,"block1_top",1.25,"g_2_block1_top"
34759,2007,"PLER","g",2,"block2_bottom",1,"g_2_block2_bottom"
34760,2007,"PLER","g",2,"block2_top",3.75,"g_2_block2_top"
34761,2007,"PLER","g",3,"block1_bottom",20,"g_3_block1_bottom"
34762,2007,"PLER","g",3,"block1_top",10,"g_3_block1_top"
34763,2007,"PLER","g",3,"block2_bottom",8.75,"g_3_block2_bottom"
34764,2007,"PLER","g",3,"block2_top",4.25,"g_3_block2_top"
34765,2007,"PLER","r",1,"block1_bottom",3,"r_1_block1_bottom"
34766,2007,"PLER","r",1,"block1_top",1.5,"r_1_block1_top"
34767,2007,"PLER","r",1,"block2_bottom",3.5,"r_1_block2_bottom"
34768,2007,"PLER","r",1,"block2_top",1.5,"r_1_block2_top"
34769,2007,"PLER","r",2,"block1_bottom",5.5,"r_2_block1_bottom"
34770,2007,"PLER","r",2,"block1_top",10,"r_2_block1_top"
34771,2007,"PLER","r",2,"block2_bottom",0.5,"r_2_block2_bottom"
34772,2007,"PLER","r",2,"block2_top",8,"r_2_block2_top"
34773,2007,"PLER","r",3,"block1_bottom",6.25,"r_3_block1_bottom"
34774,2007,"PLER","r",3,"block1_top",5.5,"r_3_block1_top"
34775,2007,"PLER","r",3,"block2_bottom",13.75,"r_3_block2_bottom"
34776,2007,"PLER","r",3,"block2_top",20,"r_3_block2_top"
36145,2008,"PLER","c",1,"block1_bottom",4.25,"c_1_block1_bottom"
36146,2008,"PLER","c",1,"block1_top",20,"c_1_block1_top"
36147,2008,"PLER","c",1,"block2_bottom",8.75,"c_1_block2_bottom"
36148,2008,"PLER","c",1,"block2_top",15,"c_1_block2_top"
36149,2008,"PLER","c",2,"block1_bottom",12.5,"c_2_block1_bottom"
36150,2008,"PLER","c",2,"block1_top",6.25,"c_2_block1_top"
36151,2008,"PLER","c",2,"block2_bottom",22.5,"c_2_block2_bottom"
36152,2008,"PLER","c",2,"block2_top",42.5,"c_2_block2_top"
36153,2008,"PLER","c",3,"block1_bottom",35,"c_3_block1_bottom"
36154,2008,"PLER","c",3,"block1_top",32.5,"c_3_block1_top"
36155,2008,"PLER","c",3,"block2_bottom",22.5,"c_3_block2_bottom"
36156,2008,"PLER","c",3,"block2_top",27.5,"c_3_block2_top"
36157,2008,"PLER","g",1,"block1_bottom",35,"g_1_block1_bottom"
36158,2008,"PLER","g",1,"block1_top",32.5,"g_1_block1_top"
36159,2008,"PLER","g",1,"block2_bottom",12.5,"g_1_block2_bottom"
36160,2008,"PLER","g",1,"block2_top",35,"g_1_block2_top"
36161,2008,"PLER","g",2,"block1_bottom",8.75,"g_2_block1_bottom"
36162,2008,"PLER","g",2,"block1_top",6.75,"g_2_block1_top"
36163,2008,"PLER","g",2,"block2_bottom",12.5,"g_2_block2_bottom"
36164,2008,"PLER","g",2,"block2_top",17.5,"g_2_block2_top"
36165,2008,"PLER","g",3,"block1_bottom",75,"g_3_block1_bottom"
36166,2008,"PLER","g",3,"block1_top",35,"g_3_block1_top"
36167,2008,"PLER","g",3,"block2_bottom",42.5,"g_3_block2_bottom"
36168,2008,"PLER","g",3,"block2_top",27.5,"g_3_block2_top"
36169,2008,"PLER","r",1,"block1_bottom",16.25,"r_1_block1_bottom"
36170,2008,"PLER","r",1,"block1_top",6,"r_1_block1_top"
36171,2008,"PLER","r",1,"block2_bottom",27.5,"r_1_block2_bottom"
36172,2008,"PLER","r",1,"block2_top",8.75,"r_1_block2_top"
36173,2008,"PLER","r",2,"block1_bottom",17.5,"r_2_block1_bottom"
36174,2008,"PLER","r",2,"block1_top",11.25,"r_2_block1_top"
36175,2008,"PLER","r",2,"block2_bottom",7.5,"r_2_block2_bottom"
36176,2008,"PLER","r",2,"block2_top",20,"r_2_block2_top"
36177,2008,"PLER","r",3,"block1_bottom",27.5,"r_3_block1_bottom"
36178,2008,"PLER","r",3,"block1_top",17.5,"r_3_block1_top"
36179,2008,"PLER","r",3,"block2_bottom",20,"r_3_block2_bottom"
36180,2008,"PLER","r",3,"block2_top",30,"r_3_block2_top"
37549,2009,"PLER","c",1,"block1_bottom",15,"c_1_block1_bottom"
37550,2009,"PLER","c",1,"block1_top",35,"c_1_block1_top"
37551,2009,"PLER","c",1,"block2_bottom",30,"c_1_block2_bottom"
37552,2009,"PLER","c",1,"block2_top",32.5,"c_1_block2_top"
37553,2009,"PLER","c",2,"block1_bottom",22.5,"c_2_block1_bottom"
37554,2009,"PLER","c",2,"block1_top",17.5,"c_2_block1_top"
37555,2009,"PLER","c",2,"block2_bottom",30,"c_2_block2_bottom"
37556,2009,"PLER","c",2,"block2_top",40,"c_2_block2_top"
37557,2009,"PLER","c",3,"block1_bottom",75,"c_3_block1_bottom"
37558,2009,"PLER","c",3,"block1_top",65,"c_3_block1_top"
37559,2009,"PLER","c",3,"block2_bottom",45,"c_3_block2_bottom"
37560,2009,"PLER","c",3,"block2_top",50,"c_3_block2_top"
37561,2009,"PLER","g",1,"block1_bottom",42.5,"g_1_block1_bottom"
37562,2009,"PLER","g",1,"block1_top",30,"g_1_block1_top"
37563,2009,"PLER","g",1,"block2_bottom",17.5,"g_1_block2_bottom"
37564,2009,"PLER","g",1,"block2_top",40,"g_1_block2_top"
37565,2009,"PLER","g",2,"block1_bottom",17.5,"g_2_block1_bottom"
37566,2009,"PLER","g",2,"block1_top",27.5,"g_2_block1_top"
37567,2009,"PLER","g",2,"block2_bottom",30,"g_2_block2_bottom"
37568,2009,"PLER","g",2,"block2_top",22.5,"g_2_block2_top"
37569,2009,"PLER","g",3,"block1_bottom",70,"g_3_block1_bottom"
37570,2009,"PLER","g",3,"block1_top",70,"g_3_block1_top"
37571,2009,"PLER","g",3,"block2_bottom",75,"g_3_block2_bottom"
37572,2009,"PLER","g",3,"block2_top",50,"g_3_block2_top"
37573,2009,"PLER","r",1,"block1_bottom",27.5,"r_1_block1_bottom"
37574,2009,"PLER","r",1,"block1_top",8.75,"r_1_block1_top"
37575,2009,"PLER","r",1,"block2_bottom",40,"r_1_block2_bottom"
37576,2009,"PLER","r",1,"block2_top",20,"r_1_block2_top"
37577,2009,"PLER","r",2,"block1_bottom",27.5,"r_2_block1_bottom"
37578,2009,"PLER","r",2,"block1_top",27.5,"r_2_block1_top"
37579,2009,"PLER","r",2,"block2_bottom",15,"r_2_block2_bottom"
37580,2009,"PLER","r",2,"block2_top",32.5,"r_2_block2_top"
37581,2009,"PLER","r",3,"block1_bottom",50,"r_3_block1_bottom"
37582,2009,"PLER","r",3,"block1_top",22.5,"r_3_block1_top"
37583,2009,"PLER","r",3,"block2_bottom",22.5,"r_3_block2_bottom"
37584,2009,"PLER","r",3,"block2_top",35,"r_3_block2_top"
38953,2010,"PLER","c",1,"block1_bottom",18.75,"c_1_block1_bottom"
38954,2010,"PLER","c",1,"block1_top",30,"c_1_block1_top"
38955,2010,"PLER","c",1,"block2_bottom",45,"c_1_block2_bottom"
38956,2010,"PLER","c",1,"block2_top",35,"c_1_block2_top"
38957,2010,"PLER","c",2,"block1_bottom",55,"c_2_block1_bottom"
38958,2010,"PLER","c",2,"block1_top",35,"c_2_block1_top"
38959,2010,"PLER","c",2,"block2_bottom",55,"c_2_block2_bottom"
38960,2010,"PLER","c",2,"block2_top",45,"c_2_block2_top"
38961,2010,"PLER","c",3,"block1_bottom",77.5,"c_3_block1_bottom"
38962,2010,"PLER","c",3,"block1_top",73.75,"c_3_block1_top"
38963,2010,"PLER","c",3,"block2_bottom",62.5,"c_3_block2_bottom"
38964,2010,"PLER","c",3,"block2_top",45,"c_3_block2_top"
38965,2010,"PLER","g",1,"block1_bottom",46.25,"g_1_block1_bottom"
38966,2010,"PLER","g",1,"block1_top",32.5,"g_1_block1_top"
38967,2010,"PLER","g",1,"block2_bottom",16.25,"g_1_block2_bottom"
38968,2010,"PLER","g",1,"block2_top",31.25,"g_1_block2_top"
38969,2010,"PLER","g",2,"block1_bottom",10,"g_2_block1_bottom"
38970,2010,"PLER","g",2,"block1_top",26.25,"g_2_block1_top"
38971,2010,"PLER","g",2,"block2_bottom",25,"g_2_block2_bottom"
38972,2010,"PLER","g",2,"block2_top",25,"g_2_block2_top"
38973,2010,"PLER","g",3,"block1_bottom",67.5,"g_3_block1_bottom"
38974,2010,"PLER","g",3,"block1_top",62.5,"g_3_block1_top"
38975,2010,"PLER","g",3,"block2_bottom",75,"g_3_block2_bottom"
38976,2010,"PLER","g",3,"block2_top",42.5,"g_3_block2_top"
38977,2010,"PLER","r",1,"block1_bottom",27.5,"r_1_block1_bottom"
38978,2010,"PLER","r",1,"block1_top",15,"r_1_block1_top"
38979,2010,"PLER","r",1,"block2_bottom",52.5,"r_1_block2_bottom"
38980,2010,"PLER","r",1,"block2_top",31.25,"r_1_block2_top"
38981,2010,"PLER","r",2,"block1_bottom",37.5,"r_2_block1_bottom"
38982,2010,"PLER","r",2,"block1_top",65,"r_2_block1_top"
38983,2010,"PLER","r",2,"block2_bottom",17.5,"r_2_block2_bottom"
38984,2010,"PLER","r",2,"block2_top",50,"r_2_block2_top"
38985,2010,"PLER","r",3,"block1_bottom",57.5,"r_3_block1_bottom"
38986,2010,"PLER","r",3,"block1_top",27.5,"r_3_block1_top"
38987,2010,"PLER","r",3,"block2_bottom",30,"r_3_block2_bottom"
38988,2010,"PLER","r",3,"block2_top",27.5,"r_3_block2_top"
40357,2011,"PLER","c",1,"block1_bottom",11.25,"c_1_block1_bottom"
40358,2011,"PLER","c",1,"block1_top",18.75,"c_1_block1_top"
40359,2011,"PLER","c",1,"block2_bottom",8.75,"c_1_block2_bottom"
40360,2011,"PLER","c",1,"block2_top",12.5,"c_1_block2_top"
40361,2011,"PLER","c",2,"block1_bottom",22.5,"c_2_block1_bottom"
40362,2011,"PLER","c",2,"block1_top",25,"c_2_block1_top"
40363,2011,"PLER","c",2,"block2_bottom",27.5,"c_2_block2_bottom"
40364,2011,"PLER","c",2,"block2_top",22.5,"c_2_block2_top"
40365,2011,"PLER","c",3,"block1_bottom",35,"c_3_block1_bottom"
40366,2011,"PLER","c",3,"block1_top",15.5,"c_3_block1_top"
40367,2011,"PLER","c",3,"block2_bottom",30,"c_3_block2_bottom"
40368,2011,"PLER","c",3,"block2_top",12.5,"c_3_block2_top"
40369,2011,"PLER","g",1,"block1_bottom",35,"g_1_block1_bottom"
40370,2011,"PLER","g",1,"block1_top",30,"g_1_block1_top"
40371,2011,"PLER","g",1,"block2_bottom",12.5,"g_1_block2_bottom"
40372,2011,"PLER","g",1,"block2_top",22.5,"g_1_block2_top"
40373,2011,"PLER","g",2,"block1_bottom",3,"g_2_block1_bottom"
40374,2011,"PLER","g",2,"block1_top",13.75,"g_2_block1_top"
40375,2011,"PLER","g",2,"block2_bottom",6.75,"g_2_block2_bottom"
40376,2011,"PLER","g",2,"block2_top",4.75,"g_2_block2_top"
40377,2011,"PLER","g",3,"block1_bottom",22.5,"g_3_block1_bottom"
40378,2011,"PLER","g",3,"block1_top",32.5,"g_3_block1_top"
40379,2011,"PLER","g",3,"block2_bottom",27.5,"g_3_block2_bottom"
40380,2011,"PLER","g",3,"block2_top",25,"g_3_block2_top"
40381,2011,"PLER","r",1,"block1_bottom",6.25,"r_1_block1_bottom"
40382,2011,"PLER","r",1,"block1_top",2.25,"r_1_block1_top"
40383,2011,"PLER","r",1,"block2_bottom",16.25,"r_1_block2_bottom"
40384,2011,"PLER","r",1,"block2_top",8.5,"r_1_block2_top"
40385,2011,"PLER","r",2,"block1_bottom",21.25,"r_2_block1_bottom"
40386,2011,"PLER","r",2,"block1_top",27.5,"r_2_block1_top"
40387,2011,"PLER","r",2,"block2_bottom",3.25,"r_2_block2_bottom"
40388,2011,"PLER","r",2,"block2_top",20,"r_2_block2_top"
40389,2011,"PLER","r",3,"block1_bottom",27.5,"r_3_block1_bottom"
40390,2011,"PLER","r",3,"block1_top",17.5,"r_3_block1_top"
40391,2011,"PLER","r",3,"block2_bottom",22.5,"r_3_block2_bottom"
40392,2011,"PLER","r",3,"block2_top",25,"r_3_block2_top"
41761,2012,"PLER","c",1,"block1_bottom",10,"c_1_block1_bottom"
41762,2012,"PLER","c",1,"block1_top",17.5,"c_1_block1_top"
41763,2012,"PLER","c",1,"block2_bottom",17.5,"c_1_block2_bottom"
41764,2012,"PLER","c",1,"block2_top",10,"c_1_block2_top"
41765,2012,"PLER","c",2,"block1_bottom",16.25,"c_2_block1_bottom"
41766,2012,"PLER","c",2,"block1_top",20,"c_2_block1_top"
41767,2012,"PLER","c",2,"block2_bottom",22.5,"c_2_block2_bottom"
41768,2012,"PLER","c",2,"block2_top",12.5,"c_2_block2_top"
41769,2012,"PLER","c",3,"block1_bottom",37.5,"c_3_block1_bottom"
41770,2012,"PLER","c",3,"block1_top",35,"c_3_block1_top"
41771,2012,"PLER","c",3,"block2_bottom",32.5,"c_3_block2_bottom"
41772,2012,"PLER","c",3,"block2_top",20,"c_3_block2_top"
41773,2012,"PLER","g",1,"block1_bottom",17.5,"g_1_block1_bottom"
41774,2012,"PLER","g",1,"block1_top",15,"g_1_block1_top"
41775,2012,"PLER","g",1,"block2_bottom",8.75,"g_1_block2_bottom"
41776,2012,"PLER","g",1,"block2_top",12.5,"g_1_block2_top"
41777,2012,"PLER","g",2,"block1_bottom",22.5,"g_2_block1_bottom"
41778,2012,"PLER","g",2,"block1_top",37.5,"g_2_block1_top"
41779,2012,"PLER","g",2,"block2_bottom",10,"g_2_block2_bottom"
41780,2012,"PLER","g",2,"block2_top",20,"g_2_block2_top"
41781,2012,"PLER","g",3,"block1_bottom",4.25,"g_3_block1_bottom"
41782,2012,"PLER","g",3,"block1_top",25,"g_3_block1_top"
41783,2012,"PLER","g",3,"block2_bottom",13.75,"g_3_block2_bottom"
41784,2012,"PLER","g",3,"block2_top",16.25,"g_3_block2_top"
41785,2012,"PLER","r",1,"block1_bottom",10,"r_1_block1_bottom"
41786,2012,"PLER","r",1,"block1_top",13.75,"r_1_block1_top"
41787,2012,"PLER","r",1,"block2_bottom",16.25,"r_1_block2_bottom"
41788,2012,"PLER","r",1,"block2_top",20,"r_1_block2_top"
41789,2012,"PLER","r",2,"block1_bottom",11.25,"r_2_block1_bottom"
41790,2012,"PLER","r",2,"block1_top",17.5,"r_2_block1_top"
41791,2012,"PLER","r",2,"block2_bottom",15,"r_2_block2_bottom"
41792,2012,"PLER","r",2,"block2_top",23.75,"r_2_block2_top"
41793,2012,"PLER","r",3,"block1_bottom",17.5,"r_3_block1_bottom"
41794,2012,"PLER","r",3,"block1_top",10,"r_3_block1_top"
41795,2012,"PLER","r",3,"block2_bottom",7.5,"r_3_block2_bottom"
41796,2012,"PLER","r",3,"block2_top",16.25,"r_3_block2_top"
43165,2013,"PLER","c",1,"block1_bottom",13.75,"c_1_block1_bottom"
43166,2013,"PLER","c",1,"block1_top",20,"c_1_block1_top"
43167,2013,"PLER","c",1,"block2_bottom",27.5,"c_1_block2_bottom"
43168,2013,"PLER","c",1,"block2_top",17.5,"c_1_block2_top"
43169,2013,"PLER","c",2,"block1_bottom",8,"c_2_block1_bottom"
43170,2013,"PLER","c",2,"block1_top",8,"c_2_block1_top"
43171,2013,"PLER","c",2,"block2_bottom",16.25,"c_2_block2_bottom"
43172,2013,"PLER","c",2,"block2_top",7.5,"c_2_block2_top"
43173,2013,"PLER","c",3,"block1_bottom",15,"c_3_block1_bottom"
43174,2013,"PLER","c",3,"block1_top",4.75,"c_3_block1_top"
43175,2013,"PLER","c",3,"block2_bottom",12.5,"c_3_block2_bottom"
43176,2013,"PLER","c",3,"block2_top",2.75,"c_3_block2_top"
43177,2013,"PLER","g",1,"block1_bottom",17.5,"g_1_block1_bottom"
43178,2013,"PLER","g",1,"block1_top",25,"g_1_block1_top"
43179,2013,"PLER","g",1,"block2_bottom",4.75,"g_1_block2_bottom"
43180,2013,"PLER","g",1,"block2_top",8.75,"g_1_block2_top"
43181,2013,"PLER","g",2,"block1_bottom",15,"g_2_block1_bottom"
43182,2013,"PLER","g",2,"block1_top",10,"g_2_block1_top"
43183,2013,"PLER","g",2,"block2_bottom",7.5,"g_2_block2_bottom"
43184,2013,"PLER","g",2,"block2_top",12.5,"g_2_block2_top"
43185,2013,"PLER","g",3,"block1_bottom",4,"g_3_block1_bottom"
43186,2013,"PLER","g",3,"block1_top",6.25,"g_3_block1_top"
43187,2013,"PLER","g",3,"block2_bottom",2,"g_3_block2_bottom"
43188,2013,"PLER","g",3,"block2_top",4.25,"g_3_block2_top"
43189,2013,"PLER","r",1,"block1_bottom",5.5,"r_1_block1_bottom"
43190,2013,"PLER","r",1,"block1_top",12.5,"r_1_block1_top"
43191,2013,"PLER","r",1,"block2_bottom",10,"r_1_block2_bottom"
43192,2013,"PLER","r",1,"block2_top",13.75,"r_1_block2_top"
43193,2013,"PLER","r",2,"block1_bottom",6.75,"r_2_block1_bottom"
43194,2013,"PLER","r",2,"block1_top",12.5,"r_2_block1_top"
43195,2013,"PLER","r",2,"block2_bottom",7.5,"r_2_block2_bottom"
43196,2013,"PLER","r",2,"block2_top",12.5,"r_2_block2_top"
43197,2013,"PLER","r",3,"block1_bottom",6.75,"r_3_block1_bottom"
43198,2013,"PLER","r",3,"block1_top",16.25,"r_3_block1_top"
43199,2013,"PLER","r",3,"block2_bottom",15,"r_3_block2_bottom"
43200,2013,"PLER","r",3,"block2_top",22.5,"r_3_block2_top"
44605,2014,"PLER","c",1,"block1_bottom",18.75,"c_1_block1_bottom"
44606,2014,"PLER","c",1,"block1_top",27.5,"c_1_block1_top"
44607,2014,"PLER","c",1,"block2_bottom",30,"c_1_block2_bottom"
44608,2014,"PLER","c",1,"block2_top",15,"c_1_block2_top"
44609,2014,"PLER","c",2,"block1_bottom",10,"c_2_block1_bottom"
44610,2014,"PLER","c",2,"block1_top",21.25,"c_2_block1_top"
44611,2014,"PLER","c",2,"block2_bottom",15,"c_2_block2_bottom"
44612,2014,"PLER","c",2,"block2_top",17.5,"c_2_block2_top"
44613,2014,"PLER","c",3,"block1_bottom",15,"c_3_block1_bottom"
44614,2014,"PLER","c",3,"block1_top",11.25,"c_3_block1_top"
44615,2014,"PLER","c",3,"block2_bottom",15,"c_3_block2_bottom"
44616,2014,"PLER","c",3,"block2_top",8.75,"c_3_block2_top"
44617,2014,"PLER","g",1,"block1_bottom",27.5,"g_1_block1_bottom"
44618,2014,"PLER","g",1,"block1_top",22.5,"g_1_block1_top"
44619,2014,"PLER","g",1,"block2_bottom",10,"g_1_block2_bottom"
44620,2014,"PLER","g",1,"block2_top",20,"g_1_block2_top"
44621,2014,"PLER","g",2,"block1_bottom",18.75,"g_2_block1_bottom"
44622,2014,"PLER","g",2,"block1_top",22.5,"g_2_block1_top"
44623,2014,"PLER","g",2,"block2_bottom",11.25,"g_2_block2_bottom"
44624,2014,"PLER","g",2,"block2_top",20,"g_2_block2_top"
44625,2014,"PLER","g",3,"block1_bottom",4.25,"g_3_block1_bottom"
44626,2014,"PLER","g",3,"block1_top",3.5,"g_3_block1_top"
44627,2014,"PLER","g",3,"block2_bottom",2.75,"g_3_block2_bottom"
44628,2014,"PLER","g",3,"block2_top",3.5,"g_3_block2_top"
44629,2014,"PLER","r",1,"block1_bottom",10,"r_1_block1_bottom"
44630,2014,"PLER","r",1,"block1_top",32.5,"r_1_block1_top"
44631,2014,"PLER","r",1,"block2_bottom",20,"r_1_block2_bottom"
44632,2014,"PLER","r",1,"block2_top",35,"r_1_block2_top"
44633,2014,"PLER","r",2,"block1_bottom",6.75,"r_2_block1_bottom"
44634,2014,"PLER","r",2,"block1_top",20,"r_2_block1_top"
44635,2014,"PLER","r",2,"block2_bottom",11.25,"r_2_block2_bottom"
44636,2014,"PLER","r",2,"block2_top",40,"r_2_block2_top"
44637,2014,"PLER","r",3,"block1_bottom",7.5,"r_3_block1_bottom"
44638,2014,"PLER","r",3,"block1_top",15,"r_3_block1_top"
44639,2014,"PLER","r",3,"block2_bottom",12.5,"r_3_block2_bottom"
44640,2014,"PLER","r",3,"block2_top",22.5,"r_3_block2_top"
46045,2015,"PLER","c",1,"block1_bottom",30,"c_1_block1_bottom"
46046,2015,"PLER","c",1,"block1_top",52.5,"c_1_block1_top"
46047,2015,"PLER","c",1,"block2_bottom",52.5,"c_1_block2_bottom"
46048,2015,"PLER","c",1,"block2_top",40,"c_1_block2_top"
46049,2015,"PLER","c",2,"block1_bottom",27.5,"c_2_block1_bottom"
46050,2015,"PLER","c",2,"block1_top",35,"c_2_block1_top"
46051,2015,"PLER","c",2,"block2_bottom",37.5,"c_2_block2_bottom"
46052,2015,"PLER","c",2,"block2_top",32.5,"c_2_block2_top"
46053,2015,"PLER","c",3,"block1_bottom",17.5,"c_3_block1_bottom"
46054,2015,"PLER","c",3,"block1_top",27.5,"c_3_block1_top"
46055,2015,"PLER","c",3,"block2_bottom",22.5,"c_3_block2_bottom"
46056,2015,"PLER","c",3,"block2_top",13,"c_3_block2_top"
46057,2015,"PLER","g",1,"block1_bottom",42.5,"g_1_block1_bottom"
46058,2015,"PLER","g",1,"block1_top",32.5,"g_1_block1_top"
46059,2015,"PLER","g",1,"block2_bottom",17.5,"g_1_block2_bottom"
46060,2015,"PLER","g",1,"block2_top",27.5,"g_1_block2_top"
46061,2015,"PLER","g",2,"block1_bottom",26.25,"g_2_block1_bottom"
46062,2015,"PLER","g",2,"block1_top",17.5,"g_2_block1_top"
46063,2015,"PLER","g",2,"block2_bottom",15,"g_2_block2_bottom"
46064,2015,"PLER","g",2,"block2_top",30,"g_2_block2_top"
46065,2015,"PLER","g",3,"block1_bottom",8.75,"g_3_block1_bottom"
46066,2015,"PLER","g",3,"block1_top",6.75,"g_3_block1_top"
46067,2015,"PLER","g",3,"block2_bottom",10,"g_3_block2_bottom"
46068,2015,"PLER","g",3,"block2_top",6.75,"g_3_block2_top"
46069,2015,"PLER","r",1,"block1_bottom",32.5,"r_1_block1_bottom"
46070,2015,"PLER","r",1,"block1_top",52.5,"r_1_block1_top"
46071,2015,"PLER","r",1,"block2_bottom",47.5,"r_1_block2_bottom"
46072,2015,"PLER","r",1,"block2_top",52.5,"r_1_block2_top"
46073,2015,"PLER","r",2,"block1_bottom",22.5,"r_2_block1_bottom"
46074,2015,"PLER","r",2,"block1_top",40,"r_2_block1_top"
46075,2015,"PLER","r",2,"block2_bottom",15,"r_2_block2_bottom"
46076,2015,"PLER","r",2,"block2_top",37.5,"r_2_block2_top"
46077,2015,"PLER","r",3,"block1_bottom",16.25,"r_3_block1_bottom"
46078,2015,"PLER","r",3,"block1_top",27.5,"r_3_block1_top"
46079,2015,"PLER","r",3,"block2_bottom",22.5,"r_3_block2_bottom"
46080,2015,"PLER","r",3,"block2_top",27.5,"r_3_block2_top"
47485,2016,"PLER","c",1,"block1_bottom",22.5,"c_1_block1_bottom"
47486,2016,"PLER","c",1,"block1_top",32.5,"c_1_block1_top"
47487,2016,"PLER","c",1,"block2_bottom",37.5,"c_1_block2_bottom"
47488,2016,"PLER","c",1,"block2_top",37.5,"c_1_block2_top"
47489,2016,"PLER","c",2,"block1_bottom",22.5,"c_2_block1_bottom"
47490,2016,"PLER","c",2,"block1_top",32.5,"c_2_block1_top"
47491,2016,"PLER","c",2,"block2_bottom",22.5,"c_2_block2_bottom"
47492,2016,"PLER","c",2,"block2_top",17.5,"c_2_block2_top"
47493,2016,"PLER","c",3,"block1_bottom",10,"c_3_block1_bottom"
47494,2016,"PLER","c",3,"block1_top",20,"c_3_block1_top"
47495,2016,"PLER","c",3,"block2_bottom",13.75,"c_3_block2_bottom"
47496,2016,"PLER","c",3,"block2_top",11.25,"c_3_block2_top"
47497,2016,"PLER","g",1,"block1_bottom",37.5,"g_1_block1_bottom"
47498,2016,"PLER","g",1,"block1_top",27.5,"g_1_block1_top"
47499,2016,"PLER","g",1,"block2_bottom",30,"g_1_block2_bottom"
47500,2016,"PLER","g",1,"block2_top",25,"g_1_block2_top"
47501,2016,"PLER","g",2,"block1_bottom",35,"g_2_block1_bottom"
47502,2016,"PLER","g",2,"block1_top",17.5,"g_2_block1_top"
47503,2016,"PLER","g",2,"block2_bottom",17.5,"g_2_block2_bottom"
47504,2016,"PLER","g",2,"block2_top",25,"g_2_block2_top"
47505,2016,"PLER","g",3,"block1_bottom",11.25,"g_3_block1_bottom"
47506,2016,"PLER","g",3,"block1_top",11.25,"g_3_block1_top"
47507,2016,"PLER","g",3,"block2_bottom",12.5,"g_3_block2_bottom"
47508,2016,"PLER","g",3,"block2_top",10.5,"g_3_block2_top"
47509,2016,"PLER","r",1,"block1_bottom",30,"r_1_block1_bottom"
47510,2016,"PLER","r",1,"block1_top",32.5,"r_1_block1_top"
47511,2016,"PLER","r",1,"block2_bottom",30,"r_1_block2_bottom"
47512,2016,"PLER","r",1,"block2_top",32.5,"r_1_block2_top"
47513,2016,"PLER","r",2,"block1_bottom",25,"r_2_block1_bottom"
47514,2016,"PLER","r",2,"block1_top",20,"r_2_block1_top"
47515,2016,"PLER","r",2,"block2_bottom",15,"r_2_block2_bottom"
47516,2016,"PLER","r",2,"block2_top",27.5,"r_2_block2_top"
47517,2016,"PLER","r",3,"block1_bottom",27.5,"r_3_block1_bottom"
47518,2016,"PLER","r",3,"block1_top",32.5,"r_3_block1_top"
47519,2016,"PLER","r",3,"block2_bottom",30,"r_3_block2_bottom"
47520,2016,"PLER","r",3,"block2_top",27.5,"r_3_block2_top"
48925,2017,"PLER","c",1,"block1_bottom",18.75,"c_1_block1_bottom"
48926,2017,"PLER","c",1,"block1_top",17.5,"c_1_block1_top"
48927,2017,"PLER","c",1,"block2_bottom",25,"c_1_block2_bottom"
48928,2017,"PLER","c",1,"block2_top",25,"c_1_block2_top"
48929,2017,"PLER","c",2,"block1_bottom",10,"c_2_block1_bottom"
48930,2017,"PLER","c",2,"block1_top",22.5,"c_2_block1_top"
48931,2017,"PLER","c",2,"block2_bottom",10,"c_2_block2_bottom"
48932,2017,"PLER","c",2,"block2_top",7.5,"c_2_block2_top"
48933,2017,"PLER","c",3,"block1_bottom",10,"c_3_block1_bottom"
48934,2017,"PLER","c",3,"block1_top",7.5,"c_3_block1_top"
48935,2017,"PLER","c",3,"block2_bottom",4.25,"c_3_block2_bottom"
48936,2017,"PLER","c",3,"block2_top",1.5,"c_3_block2_top"
48937,2017,"PLER","g",1,"block1_bottom",27.5,"g_1_block1_bottom"
48938,2017,"PLER","g",1,"block1_top",12.5,"g_1_block1_top"
48939,2017,"PLER","g",1,"block2_bottom",22.5,"g_1_block2_bottom"
48940,2017,"PLER","g",1,"block2_top",15,"g_1_block2_top"
48941,2017,"PLER","g",2,"block1_bottom",5.5,"g_2_block1_bottom"
48942,2017,"PLER","g",2,"block1_top",8.5,"g_2_block1_top"
48943,2017,"PLER","g",2,"block2_bottom",5.5,"g_2_block2_bottom"
48944,2017,"PLER","g",2,"block2_top",16.25,"g_2_block2_top"
48945,2017,"PLER","g",3,"block1_bottom",5.5,"g_3_block1_bottom"
48946,2017,"PLER","g",3,"block1_top",7.5,"g_3_block1_top"
48947,2017,"PLER","g",3,"block2_bottom",20,"g_3_block2_bottom"
48948,2017,"PLER","g",3,"block2_top",4,"g_3_block2_top"
48949,2017,"PLER","r",1,"block1_bottom",17.5,"r_1_block1_bottom"
48950,2017,"PLER","r",1,"block1_top",17.5,"r_1_block1_top"
48951,2017,"PLER","r",1,"block2_bottom",15,"r_1_block2_bottom"
48952,2017,"PLER","r",1,"block2_top",8.75,"r_1_block2_top"
48953,2017,"PLER","r",2,"block1_bottom",7.5,"r_2_block1_bottom"
48954,2017,"PLER","r",2,"block1_top",15,"r_2_block1_top"
48955,2017,"PLER","r",2,"block2_bottom",1.75,"r_2_block2_bottom"
48956,2017,"PLER","r",2,"block2_top",13,"r_2_block2_top"
48957,2017,"PLER","r",3,"block1_bottom",15,"r_3_block1_bottom"
48958,2017,"PLER","r",3,"block1_top",20,"r_3_block1_top"
48959,2017,"PLER","r",3,"block2_bottom",20,"r_3_block2_bottom"
48960,2017,"PLER","r",3,"block2_top",25,"r_3_block2_top"
50365,2018,"PLER","c",1,"block1_bottom",8.5,"c_1_block1_bottom"
50366,2018,"PLER","c",1,"block1_top",2,"c_1_block1_top"
50367,2018,"PLER","c",1,"block2_bottom",4.75,"c_1_block2_bottom"
50368,2018,"PLER","c",1,"block2_top",3.5,"c_1_block2_top"
50369,2018,"PLER","c",2,"block1_bottom",2,"c_2_block1_bottom"
50370,2018,"PLER","c",2,"block1_top",2.5,"c_2_block1_top"
50371,2018,"PLER","c",2,"block2_bottom",1.25,"c_2_block2_bottom"
50372,2018,"PLER","c",2,"block2_top",14.25,"c_2_block2_top"
50373,2018,"PLER","c",3,"block1_bottom",2,"c_3_block1_bottom"
50374,2018,"PLER","c",3,"block1_top",6.75,"c_3_block1_top"
50375,2018,"PLER","c",3,"block2_bottom",2,"c_3_block2_bottom"
50376,2018,"PLER","c",3,"block2_top",2,"c_3_block2_top"
50377,2018,"PLER","g",1,"block1_bottom",4.25,"g_1_block1_bottom"
50378,2018,"PLER","g",1,"block1_top",2.75,"g_1_block1_top"
50379,2018,"PLER","g",1,"block2_bottom",2,"g_1_block2_bottom"
50380,2018,"PLER","g",1,"block2_top",2.75,"g_1_block2_top"
50381,2018,"PLER","g",2,"block1_bottom",0,"g_2_block1_bottom"
50382,2018,"PLER","g",2,"block1_top",1,"g_2_block1_top"
50383,2018,"PLER","g",2,"block2_bottom",0.75,"g_2_block2_bottom"
50384,2018,"PLER","g",2,"block2_top",3.25,"g_2_block2_top"
50385,2018,"PLER","g",3,"block1_bottom",2.75,"g_3_block1_bottom"
50386,2018,"PLER","g",3,"block1_top",3.5,"g_3_block1_top"
50387,2018,"PLER","g",3,"block2_bottom",6.5,"g_3_block2_bottom"
50388,2018,"PLER","g",3,"block2_top",1.25,"g_3_block2_top"
50389,2018,"PLER","r",1,"block1_bottom",6.75,"r_1_block1_bottom"
50390,2018,"PLER","r",1,"block1_top",3.5,"r_1_block1_top"
50391,2018,"PLER","r",1,"block2_bottom",1.5,"r_1_block2_bottom"
50392,2018,"PLER","r",1,"block2_top",4.75,"r_1_block2_top"
50393,2018,"PLER","r",2,"block1_bottom",2.75,"r_2_block1_bottom"
50394,2018,"PLER","r",2,"block1_top",4.75,"r_2_block1_top"
50395,2018,"PLER","r",2,"block2_bottom",1.25,"r_2_block2_bottom"
50396,2018,"PLER","r",2,"block2_top",4.25,"r_2_block2_top"
50397,2018,"PLER","r",3,"block1_bottom",2,"r_3_block1_bottom"
50398,2018,"PLER","r",3,"block1_top",6.25,"r_3_block1_top"
50399,2018,"PLER","r",3,"block2_bottom",2,"r_3_block2_bottom"
50400,2018,"PLER","r",3,"block2_top",3.5,"r_3_block2_top"
51805,2019,"PLER","c",1,"block1_bottom",2,"c_1_block1_bottom"
51806,2019,"PLER","c",1,"block1_top",2,"c_1_block1_top"
51807,2019,"PLER","c",1,"block2_bottom",2,"c_1_block2_bottom"
51808,2019,"PLER","c",1,"block2_top",2,"c_1_block2_top"
51809,2019,"PLER","c",2,"block1_bottom",3.5,"c_2_block1_bottom"
51810,2019,"PLER","c",2,"block1_top",4,"c_2_block1_top"
51811,2019,"PLER","c",2,"block2_bottom",4.25,"c_2_block2_bottom"
51812,2019,"PLER","c",2,"block2_top",2.75,"c_2_block2_top"
51813,2019,"PLER","c",3,"block1_bottom",2,"c_3_block1_bottom"
51814,2019,"PLER","c",3,"block1_top",2.5,"c_3_block1_top"
51815,2019,"PLER","c",3,"block2_bottom",2,"c_3_block2_bottom"
51816,2019,"PLER","c",3,"block2_top",1.5,"c_3_block2_top"
51817,2019,"PLER","g",1,"block1_bottom",2.75,"g_1_block1_bottom"
51818,2019,"PLER","g",1,"block1_top",2,"g_1_block1_top"
51819,2019,"PLER","g",1,"block2_bottom",1.75,"g_1_block2_bottom"
51820,2019,"PLER","g",1,"block2_top",1.75,"g_1_block2_top"
51821,2019,"PLER","g",2,"block1_bottom",2.75,"g_2_block1_bottom"
51822,2019,"PLER","g",2,"block1_top",3.5,"g_2_block1_top"
51823,2019,"PLER","g",2,"block2_bottom",3.5,"g_2_block2_bottom"
51824,2019,"PLER","g",2,"block2_top",4,"g_2_block2_top"
51825,2019,"PLER","g",3,"block1_bottom",2,"g_3_block1_bottom"
51826,2019,"PLER","g",3,"block1_top",4.75,"g_3_block1_top"
51827,2019,"PLER","g",3,"block2_bottom",4.75,"g_3_block2_bottom"
51828,2019,"PLER","g",3,"block2_top",2.75,"g_3_block2_top"
51829,2019,"PLER","r",1,"block1_bottom",2.75,"r_1_block1_bottom"
51830,2019,"PLER","r",1,"block1_top",2.75,"r_1_block1_top"
51831,2019,"PLER","r",1,"block2_bottom",2.75,"r_1_block2_bottom"
51832,2019,"PLER","r",1,"block2_top",2,"r_1_block2_top"
51833,2019,"PLER","r",2,"block1_bottom",2,"r_2_block1_bottom"
51834,2019,"PLER","r",2,"block1_top",2.75,"r_2_block1_top"
51835,2019,"PLER","r",2,"block2_bottom",2.75,"r_2_block2_bottom"
51836,2019,"PLER","r",2,"block2_top",5.5,"r_2_block2_top"
51837,2019,"PLER","r",3,"block1_bottom",2,"r_3_block1_bottom"
51838,2019,"PLER","r",3,"block1_top",2,"r_3_block1_top"
51839,2019,"PLER","r",3,"block2_bottom",2,"r_3_block2_bottom"
51840,2019,"PLER","r",3,"block2_top",2.75,"r_3_block2_top"
